labeller_username,Cell_pk,cell_type,region_pk,slide_pk,slide_dx
admin,12478,M4,4891,80,normal
admin,12480,E1,4891,80,normal
admin,12481,M4,4891,80,normal
admin,12483,M4,4891,80,normal
admin,12482,M5,4891,80,normal
admin,12479,L2,4891,80,normal
admin,12484,M5,4891,80,normal
admin,12486,L2,4891,80,normal
admin,12485,L2,4891,80,normal
admin,12487,L2,4891,80,normal
admin,12489,L2,4891,80,normal
admin,12488,L2,4891,80,normal
admin,984,ER3,13,1,normal
admin,124,ER2,11,1,normal
admin,135,ER6,11,1,normal
admin,136,ER3,11,1,normal
admin,137,ER3,11,1,normal
admin,138,M2,11,1,normal
admin,139,ER3,11,1,normal
admin,140,M2,11,1,normal
admin,141,M2,11,1,normal
admin,142,ER3,11,1,normal
admin,143,L2,11,1,normal
admin,144,M3,11,1,normal
admin,147,ER3,11,1,normal
admin,152,U2,11,1,normal
admin,153,M4,11,1,normal
admin,156,L2,11,1,normal
admin,157,ER4,11,1,normal
admin,158,ER3,11,1,normal
admin,159,L2,11,1,normal
admin,160,L2,11,1,normal
admin,162,M2,11,1,normal
admin,165,U2,11,1,normal
admin,166,L2,11,1,normal
admin,167,M6,11,1,normal
admin,168,M6,11,1,normal
admin,169,L2,11,1,normal
admin,170,L2,11,1,normal
admin,171,L2,11,1,normal
admin,172,L2,11,1,normal
admin,173,U2,11,1,normal
admin,174,ER3,11,1,normal
admin,175,M6,11,1,normal
admin,176,M4,11,1,normal
admin,177,M3,11,1,normal
admin,178,M2,11,1,normal
admin,179,ER4,11,1,normal
admin,180,ER4,11,1,normal
admin,181,U2,11,1,normal
admin,182,M1,11,1,normal
admin,185,ER4,11,1,normal
admin,186,ER6,11,1,normal
admin,187,ER6,11,1,normal
admin,188,ER6,11,1,normal
admin,189,ER6,11,1,normal
admin,190,ER6,11,1,normal
admin,191,ER6,11,1,normal
admin,192,L2,11,1,normal
admin,193,M2,11,1,normal
admin,194,M3,11,1,normal
admin,195,M3,11,1,normal
admin,196,L2,11,1,normal
admin,197,M4,11,1,normal
admin,198,M3,11,1,normal
admin,199,U2,11,1,normal
admin,200,ER3,11,1,normal
admin,201,ER2,11,1,normal
admin,202,ER3,11,1,normal
admin,203,ER3,11,1,normal
admin,204,M4,11,1,normal
admin,205,ER4,11,1,normal
admin,206,ER4,11,1,normal
admin,207,M3,11,1,normal
admin,208,U4,11,1,normal
admin,209,M2,11,1,normal
admin,210,M3,11,1,normal
admin,211,M3,11,1,normal
admin,212,M1,11,1,normal
admin,213,ER4,11,1,normal
admin,214,M1,11,1,normal
admin,215,L2,11,1,normal
admin,216,L2,11,1,normal
admin,217,M2,11,1,normal
admin,218,M4,11,1,normal
admin,220,M2,11,1,normal
admin,221,ER4,11,1,normal
admin,222,L2,11,1,normal
admin,223,ER2,11,1,normal
admin,224,ER4,11,1,normal
admin,225,ER3,11,1,normal
admin,226,M5,11,1,normal
admin,227,M6,11,1,normal
admin,228,M5,11,1,normal
admin,229,L2,11,1,normal
admin,230,L2,11,1,normal
admin,231,L2,11,1,normal
admin,232,L2,11,1,normal
admin,233,L2,11,1,normal
admin,235,MO2,11,1,normal
admin,236,ER6,11,1,normal
admin,237,ER6,11,1,normal
admin,238,ER6,11,1,normal
admin,239,M1,11,1,normal
admin,240,L2,11,1,normal
admin,241,L2,11,1,normal
admin,242,M1,11,1,normal
admin,243,M3,11,1,normal
admin,244,ER6,11,1,normal
admin,245,ER6,11,1,normal
admin,247,ER6,11,1,normal
admin,248,ER6,11,1,normal
admin,249,L2,11,1,normal
admin,250,ER6,11,1,normal
admin,251,ER6,11,1,normal
admin,252,ER6,11,1,normal
admin,253,ER5,11,1,normal
admin,254,ER5,11,1,normal
admin,255,ER5,11,1,normal
admin,258,U1,11,1,normal
admin,259,U1,11,1,normal
admin,260,L2,11,1,normal
admin,261,L2,11,1,normal
admin,262,ER3,11,1,normal
admin,263,L2,11,1,normal
admin,265,M4,11,1,normal
admin,266,L2,11,1,normal
admin,267,U1,11,1,normal
admin,268,ER6,11,1,normal
admin,269,ER6,11,1,normal
admin,271,ER5,11,1,normal
admin,272,ER5,11,1,normal
admin,273,ER6,11,1,normal
admin,274,ER6,11,1,normal
admin,276,ER6,11,1,normal
admin,277,ER6,11,1,normal
admin,279,ER4,11,1,normal
admin,280,ER3,11,1,normal
admin,281,ER3,11,1,normal
admin,282,L2,11,1,normal
admin,283,M4,11,1,normal
admin,284,U2,11,1,normal
admin,285,L2,11,1,normal
admin,286,ER6,11,1,normal
admin,287,ER6,11,1,normal
admin,288,U1,11,1,normal
admin,289,U1,11,1,normal
admin,290,U1,11,1,normal
admin,291,U1,11,1,normal
admin,292,U1,11,1,normal
admin,293,L2,11,1,normal
admin,294,L2,11,1,normal
admin,295,L2,11,1,normal
admin,296,U1,11,1,normal
admin,297,L2,11,1,normal
admin,298,U1,11,1,normal
admin,299,U1,11,1,normal
admin,300,U1,11,1,normal
admin,301,U1,11,1,normal
admin,302,U1,11,1,normal
admin,303,L2,11,1,normal
admin,304,L2,11,1,normal
admin,305,ER4,11,1,normal
admin,306,ER6,11,1,normal
admin,307,ER6,11,1,normal
admin,308,ER6,11,1,normal
admin,309,ER6,11,1,normal
admin,310,ER6,11,1,normal
admin,311,ER6,11,1,normal
admin,312,ER6,11,1,normal
admin,313,ER6,11,1,normal
admin,314,U1,11,1,normal
admin,317,L2,11,1,normal
admin,320,U1,11,1,normal
admin,324,ER6,11,1,normal
admin,368,L2,11,1,normal
admin,369,U2,11,1,normal
admin,370,M5,11,1,normal
admin,371,M5,11,1,normal
admin,372,L2,11,1,normal
admin,373,ER3,11,1,normal
admin,374,M3,11,1,normal
admin,375,U2,11,1,normal
admin,376,M6,11,1,normal
admin,379,M2,11,1,normal
admin,479,L2,11,1,normal
admin,487,M3,11,1,normal
admin,613,M6,4495,1,normal
admin,614,M6,4495,1,normal
admin,615,M6,4495,1,normal
admin,616,M5,4495,1,normal
admin,617,M6,4495,1,normal
admin,618,M6,4495,1,normal
admin,619,M5,4495,1,normal
admin,620,M1,4495,1,normal
admin,621,M1,4495,1,normal
admin,622,M1,4495,1,normal
admin,623,M3,4495,1,normal
admin,624,M2,4495,1,normal
admin,625,M2,4495,1,normal
admin,626,M2,4495,1,normal
admin,627,M3,4495,1,normal
admin,628,L2,4495,1,normal
admin,629,ER1,4495,1,normal
admin,630,M3,4495,1,normal
admin,631,M4,4495,1,normal
admin,632,M3,4495,1,normal
admin,633,M3,4495,1,normal
admin,634,M3,4495,1,normal
admin,635,M5,4495,1,normal
admin,636,M3,4495,1,normal
admin,637,M3,4495,1,normal
admin,638,M4,4495,1,normal
admin,639,M1,4495,1,normal
admin,640,M2,4495,1,normal
admin,641,L2,4495,1,normal
admin,642,L2,4495,1,normal
admin,643,L2,4495,1,normal
admin,644,M4,4495,1,normal
admin,645,L2,4495,1,normal
admin,646,L2,4495,1,normal
admin,647,M1,4495,1,normal
admin,648,M3,4495,1,normal
admin,649,M4,4495,1,normal
admin,650,L2,4495,1,normal
admin,651,L2,4495,1,normal
admin,652,L2,4495,1,normal
admin,653,ER1,4495,1,normal
admin,654,ER1,4495,1,normal
admin,655,M2,4495,1,normal
admin,656,M3,4495,1,normal
admin,657,M3,4495,1,normal
admin,658,M1,4495,1,normal
admin,659,L2,4495,1,normal
admin,660,L2,4495,1,normal
admin,661,L2,4495,1,normal
admin,662,L2,4495,1,normal
admin,663,M3,4495,1,normal
admin,664,M4,4495,1,normal
admin,665,M5,4495,1,normal
admin,666,M4,4495,1,normal
admin,667,ER2,4495,1,normal
admin,668,ER2,4495,1,normal
admin,669,ER3,4495,1,normal
admin,670,ER3,4495,1,normal
admin,671,ER4,4495,1,normal
admin,672,ER3,4495,1,normal
admin,673,ER4,4495,1,normal
admin,674,ER4,4495,1,normal
admin,675,ER4,4495,1,normal
admin,676,ER3,4495,1,normal
admin,677,M2,4495,1,normal
admin,678,ER4,4495,1,normal
admin,679,ER3,4495,1,normal
admin,680,ER3,4495,1,normal
admin,681,ER3,4495,1,normal
admin,682,ER4,4495,1,normal
admin,683,ER3,4495,1,normal
admin,684,ER4,4495,1,normal
admin,685,M1,4495,1,normal
admin,686,L2,4495,1,normal
admin,687,L2,4495,1,normal
admin,688,ER1,4495,1,normal
admin,689,M2,4495,1,normal
admin,690,L2,4495,1,normal
admin,691,ER4,4495,1,normal
admin,692,M5,16,1,normal
admin,693,M5,16,1,normal
admin,694,M5,16,1,normal
admin,695,M5,16,1,normal
admin,696,M4,16,1,normal
admin,697,M5,16,1,normal
admin,698,M6,16,1,normal
admin,699,M5,16,1,normal
admin,700,M5,16,1,normal
admin,701,M5,16,1,normal
admin,702,M3,16,1,normal
admin,703,M5,16,1,normal
admin,704,L2,16,1,normal
admin,705,M4,16,1,normal
admin,706,M5,16,1,normal
admin,707,M5,16,1,normal
admin,708,M3,16,1,normal
admin,709,M3,16,1,normal
admin,710,M4,16,1,normal
admin,711,M2,16,1,normal
admin,712,L2,16,1,normal
admin,713,L2,16,1,normal
admin,714,L2,16,1,normal
admin,715,L2,16,1,normal
admin,716,M1,16,1,normal
admin,717,ER4,16,1,normal
admin,718,ER4,16,1,normal
admin,719,ER3,16,1,normal
admin,720,ER4,16,1,normal
admin,721,M3,16,1,normal
admin,722,M3,16,1,normal
admin,723,L2,16,1,normal
admin,724,L2,16,1,normal
admin,725,M4,16,1,normal
admin,726,M4,16,1,normal
admin,727,ER2,16,1,normal
admin,728,M3,16,1,normal
admin,729,L2,16,1,normal
admin,730,L2,16,1,normal
admin,731,L2,16,1,normal
admin,732,ER4,16,1,normal
admin,733,ER4,16,1,normal
admin,734,ER5,16,1,normal
admin,735,ER5,16,1,normal
admin,736,ER3,16,1,normal
admin,737,M5,16,1,normal
admin,738,E1,16,1,normal
admin,739,M5,4497,1,normal
admin,740,M5,4497,1,normal
admin,741,UL,4497,1,normal
admin,742,M5,4497,1,normal
admin,743,M4,4497,1,normal
admin,744,M5,4497,1,normal
admin,745,M5,4497,1,normal
admin,746,M5,4497,1,normal
admin,747,M5,4497,1,normal
admin,748,M5,4497,1,normal
admin,749,M4,4497,1,normal
admin,750,M4,4497,1,normal
admin,751,M4,4497,1,normal
admin,752,M3,4497,1,normal
admin,753,ER3,4497,1,normal
admin,754,ER3,4497,1,normal
admin,755,ER4,4497,1,normal
admin,756,ER4,4497,1,normal
admin,757,M6,4497,1,normal
admin,758,M5,4497,1,normal
admin,759,M5,4497,1,normal
admin,760,M2,4497,1,normal
admin,761,M4,4497,1,normal
admin,762,M5,4497,1,normal
admin,763,M5,4497,1,normal
admin,764,M5,4497,1,normal
admin,765,M1,4497,1,normal
admin,766,M5,4497,1,normal
admin,767,M5,4497,1,normal
admin,768,M5,4497,1,normal
admin,769,M4,4497,1,normal
admin,770,M5,4497,1,normal
admin,771,M6,4497,1,normal
admin,772,M6,4497,1,normal
admin,773,M1,4497,1,normal
admin,774,ER1,4497,1,normal
admin,775,ER2,4497,1,normal
admin,776,ER1,4497,1,normal
admin,777,M1,4497,1,normal
admin,778,M1,4497,1,normal
admin,779,ER1,4497,1,normal
admin,780,M1,4497,1,normal
admin,781,M3,4497,1,normal
admin,782,ER4,4497,1,normal
admin,783,ER4,4497,1,normal
admin,784,ER4,4497,1,normal
admin,785,ER4,4497,1,normal
admin,786,ER2,4497,1,normal
admin,787,ER4,4497,1,normal
admin,788,ER4,4497,1,normal
admin,789,ER4,4497,1,normal
admin,790,ER4,4497,1,normal
admin,791,ER4,4497,1,normal
admin,792,ER4,4497,1,normal
admin,793,ER3,4497,1,normal
admin,794,ER3,4497,1,normal
admin,795,M5,4497,1,normal
admin,796,M5,4497,1,normal
admin,797,M5,4497,1,normal
admin,798,ER3,4497,1,normal
admin,799,ER4,4497,1,normal
admin,800,M2,4497,1,normal
admin,801,M4,4497,1,normal
admin,802,M3,4497,1,normal
admin,803,M4,4497,1,normal
admin,804,M1,4497,1,normal
admin,805,M3,4497,1,normal
admin,806,L2,4497,1,normal
admin,807,M5,4497,1,normal
admin,808,M2,4497,1,normal
admin,809,MO2,4497,1,normal
admin,810,ER4,4497,1,normal
admin,811,ER4,4497,1,normal
admin,812,ER4,4497,1,normal
admin,813,L2,4497,1,normal
admin,814,ER4,4497,1,normal
admin,815,ER4,4497,1,normal
admin,816,ER4,4497,1,normal
admin,817,M5,4497,1,normal
admin,818,M2,4497,1,normal
admin,819,ER4,4497,1,normal
admin,820,ER3,4497,1,normal
admin,821,ER4,4497,1,normal
admin,822,ER1,4497,1,normal
admin,823,ER2,4497,1,normal
admin,824,L2,4497,1,normal
admin,825,ER4,4497,1,normal
admin,826,ER4,4497,1,normal
admin,827,ER3,4497,1,normal
admin,828,M6,4497,1,normal
admin,829,E2,4497,1,normal
admin,830,M3,4496,1,normal
admin,831,L2,4496,1,normal
admin,832,M4,4496,1,normal
admin,833,M4,4496,1,normal
admin,834,M4,4496,1,normal
admin,835,M4,4496,1,normal
admin,836,M4,4496,1,normal
admin,837,M6,4496,1,normal
admin,838,M6,4496,1,normal
admin,839,M5,4496,1,normal
admin,840,M5,4496,1,normal
admin,841,M5,4496,1,normal
admin,842,M5,4496,1,normal
admin,843,M5,4496,1,normal
admin,844,M5,4496,1,normal
admin,845,M5,4496,1,normal
admin,846,M6,4496,1,normal
admin,847,M6,4496,1,normal
admin,848,M5,4496,1,normal
admin,849,M6,4496,1,normal
admin,850,M5,4496,1,normal
admin,851,M6,4496,1,normal
admin,852,M6,4496,1,normal
admin,853,M6,4496,1,normal
admin,854,M6,4496,1,normal
admin,855,M4,4496,1,normal
admin,856,M3,4496,1,normal
admin,857,ER1,4496,1,normal
admin,858,ER1,4496,1,normal
admin,859,ER1,4496,1,normal
admin,860,M3,4496,1,normal
admin,861,M4,4496,1,normal
admin,862,ER2,4496,1,normal
admin,863,ER2,4496,1,normal
admin,864,ER2,4496,1,normal
admin,865,ER3,4496,1,normal
admin,866,ER3,4496,1,normal
admin,867,ER4,4496,1,normal
admin,868,M5,4496,1,normal
admin,869,ER4,4496,1,normal
admin,870,ER4,4496,1,normal
admin,871,ER4,4496,1,normal
admin,872,ER4,4496,1,normal
admin,873,ER4,4496,1,normal
admin,874,ER4,4496,1,normal
admin,875,ER4,4496,1,normal
admin,876,ER4,4496,1,normal
admin,877,M5,4496,1,normal
admin,878,M1,4496,1,normal
admin,879,M2,4496,1,normal
admin,880,ER1,4496,1,normal
admin,881,M5,4496,1,normal
admin,882,M5,4496,1,normal
admin,883,M6,4496,1,normal
admin,884,ER1,4496,1,normal
admin,885,M5,4496,1,normal
admin,886,M5,4496,1,normal
admin,887,ER4,4496,1,normal
admin,888,ER4,4496,1,normal
admin,889,L2,4496,1,normal
admin,890,ER4,4496,1,normal
admin,891,L2,4496,1,normal
admin,892,ER4,4496,1,normal
admin,893,ER4,4496,1,normal
admin,894,ER3,4496,1,normal
admin,895,ER3,4496,1,normal
admin,896,ER4,4496,1,normal
admin,897,ER4,4496,1,normal
admin,898,ER1,4496,1,normal
admin,899,M3,4496,1,normal
admin,900,M2,4496,1,normal
admin,901,M2,4496,1,normal
admin,902,M2,4496,1,normal
admin,903,MO1,4496,1,normal
admin,904,M5,4496,1,normal
admin,905,M3,4496,1,normal
admin,906,ER2,4496,1,normal
admin,907,M3,4496,1,normal
admin,908,MO1,4496,1,normal
admin,909,ER4,4496,1,normal
admin,910,M4,4496,1,normal
admin,911,M3,4496,1,normal
admin,912,M6,4496,1,normal
admin,913,ER4,4496,1,normal
admin,914,ER3,4496,1,normal
admin,915,L2,4496,1,normal
admin,916,ER4,4496,1,normal
admin,917,ER4,4496,1,normal
admin,918,ER4,4496,1,normal
admin,919,ER3,4496,1,normal
admin,920,ER4,4496,1,normal
admin,921,ER4,4496,1,normal
admin,922,M5,4496,1,normal
admin,923,M4,4496,1,normal
admin,924,M3,4496,1,normal
admin,925,L2,4496,1,normal
admin,926,M4,4496,1,normal
admin,927,M5,4496,1,normal
admin,928,ER3,4496,1,normal
admin,929,ER3,4496,1,normal
admin,930,ER3,4496,1,normal
admin,931,ER2,4496,1,normal
admin,932,ER4,4496,1,normal
admin,933,ER4,4496,1,normal
admin,934,ER4,4496,1,normal
admin,935,M4,4496,1,normal
admin,936,M5,4496,1,normal
admin,937,M4,4496,1,normal
admin,938,ER4,4496,1,normal
admin,939,ER4,4496,1,normal
admin,940,M1,4496,1,normal
admin,941,L2,4496,1,normal
admin,942,L2,4496,1,normal
admin,943,M4,4496,1,normal
admin,944,M1,4496,1,normal
admin,945,M3,4496,1,normal
admin,946,M3,4496,1,normal
admin,947,M5,4496,1,normal
admin,948,M4,4496,1,normal
admin,949,M4,4496,1,normal
admin,950,M4,4496,1,normal
admin,951,M3,4496,1,normal
admin,952,M1,4496,1,normal
admin,953,ER4,4496,1,normal
admin,954,ER4,4496,1,normal
admin,955,ER4,4496,1,normal
admin,956,ER4,4496,1,normal
admin,957,ER4,4496,1,normal
admin,958,ER4,4496,1,normal
admin,959,ER4,4496,1,normal
admin,960,MO1,4496,1,normal
admin,961,L2,4496,1,normal
admin,962,M4,4496,1,normal
admin,963,M6,4496,1,normal
admin,964,M4,4496,1,normal
admin,965,M5,4496,1,normal
admin,966,M4,4496,1,normal
admin,967,M3,4496,1,normal
admin,968,ER3,4496,1,normal
admin,969,ER4,4496,1,normal
admin,970,M6,4496,1,normal
admin,971,M4,4496,1,normal
admin,972,M3,4496,1,normal
admin,973,M3,4496,1,normal
admin,974,M3,4496,1,normal
admin,975,ER3,4496,1,normal
admin,976,M5,4496,1,normal
admin,977,M5,4496,1,normal
admin,978,MO2,4496,1,normal
admin,979,ER4,4496,1,normal
admin,980,ER5,4496,1,normal
admin,981,M5,4496,1,normal
admin,982,ER3,4496,1,normal
admin,985,UL,4495,1,normal
admin,986,L2,4495,1,normal
admin,987,UL,4505,5,normal
admin,988,UL,4505,5,normal
admin,989,UL,4505,5,normal
admin,990,UL,4505,5,normal
admin,993,M4,4513,11,normal
admin,994,M3,4513,11,normal
admin,995,M5,4513,11,normal
admin,996,M4,4513,11,normal
admin,997,M5,4513,11,normal
admin,998,M6,4513,11,normal
admin,999,M6,4513,11,normal
admin,1000,M5,4513,11,normal
admin,1001,M5,4513,11,normal
admin,1002,M6,4513,11,normal
admin,1003,ER4,4513,11,normal
admin,1004,M4,4513,11,normal
admin,1005,ER4,4513,11,normal
admin,1006,ER3,4513,11,normal
admin,1007,ER3,4513,11,normal
admin,1008,ER3,4513,11,normal
admin,1009,ER4,4513,11,normal
admin,1010,ER4,4513,11,normal
admin,1011,M4,4513,11,normal
admin,1012,M4,4513,11,normal
admin,1013,M4,4513,11,normal
admin,1014,M3,4513,11,normal
admin,1015,M4,4513,11,normal
admin,1016,ER3,4513,11,normal
admin,1017,ER3,4513,11,normal
admin,1018,ER4,4513,11,normal
admin,1019,ER3,4513,11,normal
admin,1022,E2,4515,11,normal
admin,1023,M2,4515,11,normal
admin,1024,E1,4515,11,normal
admin,1025,M5,4515,11,normal
admin,1026,M3,4515,11,normal
admin,1027,M4,4515,11,normal
admin,1028,M3,4515,11,normal
admin,1029,M3,4515,11,normal
admin,1030,M3,4515,11,normal
admin,1031,M5,4515,11,normal
admin,1032,M5,4515,11,normal
admin,1033,M4,4515,11,normal
admin,1034,M5,4515,11,normal
admin,1035,M6,4515,11,normal
admin,1036,L2,4515,11,normal
admin,1037,M5,4515,11,normal
admin,1038,M4,4515,11,normal
admin,1039,M5,4515,11,normal
admin,1040,M5,4515,11,normal
admin,1041,M5,4515,11,normal
admin,1042,M5,4515,11,normal
admin,1043,M4,4515,11,normal
admin,1044,M2,4515,11,normal
admin,1045,M4,4515,11,normal
admin,1046,M4,4515,11,normal
admin,1047,M5,4515,11,normal
admin,1048,M5,4515,11,normal
admin,1049,M4,4515,11,normal
admin,1050,L4,4515,11,normal
admin,1051,M4,4515,11,normal
admin,1052,M4,4515,11,normal
admin,1053,M6,4515,11,normal
admin,1054,M4,4515,11,normal
admin,1055,M4,4515,11,normal
admin,1056,M3,4515,11,normal
admin,1057,M4,4515,11,normal
admin,1058,ER4,4515,11,normal
admin,1059,ER4,4515,11,normal
admin,1060,MO1,4515,11,normal
admin,1061,M3,4529,11,normal
admin,1062,M3,4529,11,normal
admin,1063,M2,4529,11,normal
admin,1064,M2,4529,11,normal
admin,1065,M2,4529,11,normal
admin,1066,M2,4529,11,normal
admin,1068,L2,4529,11,normal
admin,1069,L2,4529,11,normal
admin,1070,L2,4529,11,normal
admin,1071,ER4,4529,11,normal
admin,1072,ER4,4529,11,normal
admin,1073,ER4,4529,11,normal
admin,1074,ER4,4529,11,normal
admin,1075,M4,4529,11,normal
admin,1076,M4,4529,11,normal
admin,1077,M5,4529,11,normal
admin,1078,L2,4529,11,normal
admin,1079,M4,4529,11,normal
admin,1080,M2,4529,11,normal
admin,1081,L2,4529,11,normal
admin,1082,ER4,4529,11,normal
admin,1084,E1,4527,11,normal
admin,1085,B2,4527,11,normal
admin,1086,M3,4527,11,normal
admin,1087,M3,4527,11,normal
admin,1088,M3,4527,11,normal
admin,1089,M1,4527,11,normal
admin,1090,L4,4527,11,normal
admin,1091,M3,4527,11,normal
admin,1092,M4,4527,11,normal
admin,1093,M3,4527,11,normal
admin,1094,M2,4527,11,normal
admin,1095,UL,4527,11,normal
admin,1096,E2,4528,11,normal
admin,1097,M4,4528,11,normal
admin,1098,M3,4528,11,normal
admin,1099,M2,4528,11,normal
admin,1100,M3,4528,11,normal
admin,1101,M4,4528,11,normal
admin,1102,ER4,4528,11,normal
admin,1103,ER4,4528,11,normal
admin,1104,ER4,4528,11,normal
admin,1105,M6,4528,11,normal
admin,1106,M5,4528,11,normal
admin,1107,ER3,4528,11,normal
admin,1108,ER4,4528,11,normal
admin,1109,ER4,4528,11,normal
admin,1110,ER4,4528,11,normal
admin,1111,M6,4529,11,normal
admin,1112,M4,4529,11,normal
admin,1113,M3,4526,11,normal
admin,1114,M3,4526,11,normal
admin,1115,M3,4526,11,normal
admin,1116,M3,4526,11,normal
admin,1117,M3,4526,11,normal
admin,1118,E1,4526,11,normal
admin,1119,M3,4526,11,normal
admin,1120,L2,4526,11,normal
admin,1121,M4,4526,11,normal
admin,1122,M4,4526,11,normal
admin,1123,M2,4526,11,normal
admin,1124,M3,4526,11,normal
admin,1125,M3,4526,11,normal
admin,1126,M2,4526,11,normal
admin,1127,M2,4526,11,normal
admin,1128,M3,4526,11,normal
admin,1129,ER4,4526,11,normal
admin,1130,ER4,4526,11,normal
admin,1131,ER4,4526,11,normal
admin,1132,M5,4526,11,normal
admin,1133,M6,4526,11,normal
admin,1134,M2,4526,11,normal
admin,1135,M3,4526,11,normal
admin,1136,ER3,4526,11,normal
admin,1137,ER3,4526,11,normal
admin,1138,M3,4526,11,normal
admin,1139,M3,4526,11,normal
admin,1140,M3,4526,11,normal
admin,1141,M5,4526,11,normal
admin,1142,M3,4526,11,normal
admin,1143,M6,4526,11,normal
admin,1144,ER4,4526,11,normal
admin,1145,M2,4526,11,normal
admin,1146,E1,4525,11,normal
admin,1147,E1,4525,11,normal
admin,1148,M3,4525,11,normal
admin,1149,M3,4525,11,normal
admin,1150,M4,4525,11,normal
admin,1151,M5,4525,11,normal
admin,1152,M6,4525,11,normal
admin,1153,M6,4525,11,normal
admin,1154,M6,4525,11,normal
admin,1155,M6,4525,11,normal
admin,1156,M6,4525,11,normal
admin,1157,ER4,4525,11,normal
admin,1158,MO1,4524,11,normal
admin,1159,MO1,4524,11,normal
admin,1160,MO1,4524,11,normal
admin,1161,M5,4524,11,normal
admin,1162,M5,4524,11,normal
admin,1163,ER4,4524,11,normal
admin,1164,ER3,4524,11,normal
admin,1165,M3,4524,11,normal
admin,1166,ER4,4524,11,normal
admin,1167,ER4,4524,11,normal
admin,1168,ER4,4524,11,normal
admin,1169,ER4,4524,11,normal
admin,1170,ER4,4524,11,normal
admin,1171,ER4,4524,11,normal
admin,1172,ER4,4524,11,normal
admin,1173,M5,4524,11,normal
admin,1174,ER4,4523,11,normal
admin,1175,L4,4523,11,normal
admin,1176,E1,4523,11,normal
admin,1177,ER4,4523,11,normal
admin,1178,MO2,4523,11,normal
admin,1179,MO2,4523,11,normal
admin,1180,M6,4523,11,normal
admin,1181,ER4,4523,11,normal
admin,1182,ER4,4523,11,normal
admin,1183,ER4,4523,11,normal
admin,1184,E1,4523,11,normal
admin,1185,ER3,4523,11,normal
admin,1186,ER3,4523,11,normal
admin,1187,ER3,4523,11,normal
admin,1188,ER4,4523,11,normal
admin,1189,ER4,4523,11,normal
admin,1190,ER4,4523,11,normal
admin,1191,M4,4523,11,normal
admin,1193,U1,4528,11,normal
admin,1194,U1,4528,11,normal
admin,1195,U1,4528,11,normal
admin,1196,U1,4529,11,normal
admin,1197,U1,4529,11,normal
admin,1198,U1,4529,11,normal
admin,1199,U1,4529,11,normal
admin,1200,U1,4523,11,normal
admin,1201,U1,4523,11,normal
admin,1202,U1,4523,11,normal
admin,1203,U1,4523,11,normal
admin,1204,U1,4523,11,normal
admin,1205,U1,4523,11,normal
admin,1206,U1,4523,11,normal
admin,1207,U1,4523,11,normal
admin,1208,U1,4523,11,normal
admin,1209,U1,4523,11,normal
admin,1210,U1,4523,11,normal
admin,1211,U1,4523,11,normal
admin,1212,U1,4523,11,normal
admin,1213,U1,4523,11,normal
admin,1214,U1,4523,11,normal
admin,1215,U1,4524,11,normal
admin,1216,U1,4524,11,normal
admin,1217,U1,4524,11,normal
admin,1218,U1,4524,11,normal
admin,1219,U1,4524,11,normal
admin,1220,U1,4524,11,normal
admin,1221,U1,4524,11,normal
admin,1222,U1,4524,11,normal
admin,1223,U1,4524,11,normal
admin,1224,U1,4524,11,normal
admin,1225,U1,4524,11,normal
admin,1226,U1,4524,11,normal
admin,1227,U1,4524,11,normal
admin,1228,U1,4524,11,normal
admin,1229,U1,4524,11,normal
admin,1230,U1,4524,11,normal
admin,1231,U1,4524,11,normal
admin,1232,U1,4524,11,normal
admin,1233,U1,4524,11,normal
admin,1234,ER6,4524,11,normal
admin,1235,ER6,4524,11,normal
admin,1236,ER6,4524,11,normal
admin,1237,ER6,4524,11,normal
admin,1238,ER6,4524,11,normal
admin,1239,ER6,4524,11,normal
admin,1240,ER6,4524,11,normal
admin,1241,ER6,4524,11,normal
admin,1242,ER6,4524,11,normal
admin,1243,ER6,4524,11,normal
admin,1244,ER6,4524,11,normal
admin,1245,ER6,4524,11,normal
admin,1246,ER6,4524,11,normal
admin,1247,ER6,4524,11,normal
admin,1248,ER6,4524,11,normal
admin,1249,U1,4525,11,normal
admin,1250,U1,4525,11,normal
admin,1251,ER6,4525,11,normal
admin,1252,ER6,4525,11,normal
admin,1253,ER6,4525,11,normal
admin,1254,ER6,4525,11,normal
admin,1255,ER6,4525,11,normal
admin,1256,ER6,4525,11,normal
admin,1257,ER6,4525,11,normal
admin,1258,ER6,4525,11,normal
admin,1259,U3,4518,11,normal
admin,1260,U3,4518,11,normal
admin,1261,U3,4517,11,normal
admin,1262,U3,4517,11,normal
admin,1264,M2,4516,11,normal
admin,1265,ER3,4516,11,normal
admin,1266,M3,4516,11,normal
admin,1267,M3,4516,11,normal
admin,1268,M4,4516,11,normal
admin,1269,M4,4516,11,normal
admin,1270,M5,4516,11,normal
admin,1271,ER4,4516,11,normal
admin,1272,ER4,4516,11,normal
admin,1273,ER3,4516,11,normal
admin,1274,ER4,4516,11,normal
admin,1275,ER4,4516,11,normal
admin,1276,ER4,4516,11,normal
admin,1277,ER4,4516,11,normal
admin,1278,M3,4516,11,normal
admin,1279,M3,4516,11,normal
admin,1280,ER4,4517,11,normal
admin,1281,M5,4530,12,normal
admin,1282,M4,4530,12,normal
admin,1283,M4,4530,12,normal
admin,1284,M5,4530,12,normal
admin,1285,M3,4530,12,normal
admin,1286,M3,4530,12,normal
admin,1287,M5,4530,12,normal
admin,1288,M5,4530,12,normal
admin,1289,M6,4530,12,normal
admin,1290,M5,4530,12,normal
admin,1291,M5,4530,12,normal
admin,1292,M6,4530,12,normal
admin,1293,M6,4530,12,normal
admin,1294,M6,4530,12,normal
admin,1295,M6,4530,12,normal
admin,1296,M4,4530,12,normal
admin,1297,MO1,4530,12,normal
admin,1298,ER4,4530,12,normal
admin,1299,E1,4530,12,normal
admin,1300,U3,4530,12,normal
admin,1301,U3,4530,12,normal
admin,1302,U3,4530,12,normal
admin,1303,ER6,4530,12,normal
admin,1304,ER6,4530,12,normal
admin,1305,ER5,4530,12,normal
admin,1306,ER6,4530,12,normal
admin,1307,ER6,4530,12,normal
admin,1308,U1,4530,12,normal
admin,1309,M2,4530,12,normal
admin,1310,ER6,4530,12,normal
admin,1311,U1,4530,12,normal
admin,1312,M2,4531,12,normal
admin,1313,M3,4531,12,normal
admin,1314,M3,4531,12,normal
admin,1315,M4,4531,12,normal
admin,1316,U3,4531,12,normal
admin,1317,ER2,4531,12,normal
admin,1318,MO2,4531,12,normal
admin,1319,M5,4531,12,normal
admin,1320,M6,4531,12,normal
admin,1322,L2,4531,12,normal
admin,1323,M3,4531,12,normal
admin,1324,M3,4531,12,normal
admin,1325,M6,4531,12,normal
admin,1326,M6,4531,12,normal
admin,1327,M6,4531,12,normal
admin,1328,M5,4531,12,normal
admin,1329,M4,4531,12,normal
admin,1331,M2,4531,12,normal
admin,1332,M5,4531,12,normal
admin,1333,M5,4531,12,normal
admin,1334,L2,4531,12,normal
admin,1335,ER5,4531,12,normal
admin,1336,ER5,4531,12,normal
admin,1337,ER5,4531,12,normal
admin,1338,ER5,4531,12,normal
admin,1339,ER5,4531,12,normal
admin,1340,ER5,4531,12,normal
admin,1341,ER5,4531,12,normal
admin,1342,ER2,4532,12,normal
admin,1343,MO2,4532,12,normal
admin,1344,M3,4532,12,normal
admin,1345,M4,4532,12,normal
admin,1346,ER4,4532,12,normal
admin,1348,M4,4532,12,normal
admin,1349,M3,4532,12,normal
admin,1350,M4,4532,12,normal
admin,1351,M4,4532,12,normal
admin,1352,M5,4532,12,normal
admin,1353,M5,4532,12,normal
admin,1354,ER4,4532,12,normal
admin,1355,ER3,4532,12,normal
admin,1356,M6,4532,12,normal
admin,1357,ER2,4532,12,normal
admin,1358,U1,4532,12,normal
admin,1359,U1,4532,12,normal
admin,1360,U1,4532,12,normal
admin,1361,U1,4532,12,normal
admin,1362,U1,4532,12,normal
admin,1363,U1,4532,12,normal
admin,1364,U1,4532,12,normal
admin,1365,U1,4532,12,normal
admin,1366,M6,4532,12,normal
admin,1367,M6,4532,12,normal
admin,1369,M1,4532,12,normal
admin,1370,ER1,4533,12,normal
admin,1371,U3,4533,12,normal
admin,1372,U3,4533,12,normal
admin,1373,M2,4533,12,normal
admin,1374,U3,4533,12,normal
admin,1375,ER6,4533,12,normal
admin,1376,ER6,4533,12,normal
admin,1377,ER6,4533,12,normal
admin,1378,ER6,4533,12,normal
admin,1379,ER6,4533,12,normal
admin,1380,ER6,4533,12,normal
admin,1381,ER6,4533,12,normal
admin,1382,ER6,4533,12,normal
admin,1383,ER6,4533,12,normal
admin,1384,ER6,4533,12,normal
admin,1385,ER6,4533,12,normal
admin,1386,ER6,4533,12,normal
admin,1387,ER6,4533,12,normal
admin,1388,ER6,4533,12,normal
admin,1389,ER6,4533,12,normal
admin,1390,M6,4533,12,normal
admin,1391,M6,4533,12,normal
admin,1392,M6,4533,12,normal
admin,1393,M6,4533,12,normal
admin,1394,M4,4533,12,normal
admin,1396,M2,4534,12,normal
admin,1397,M2,4534,12,normal
admin,1398,ER2,4534,12,normal
admin,1399,M2,4534,12,normal
admin,1400,M6,4534,12,normal
admin,1401,M6,4534,12,normal
admin,1402,M6,4534,12,normal
admin,1403,M6,4534,12,normal
admin,1404,M6,4534,12,normal
admin,1405,M6,4534,12,normal
admin,1406,M5,4534,12,normal
admin,1407,M6,4534,12,normal
admin,1408,M5,4534,12,normal
admin,1409,E1,4535,12,normal
admin,1410,U3,4535,12,normal
admin,1411,U3,4535,12,normal
admin,1412,U3,4535,12,normal
admin,1413,ER4,4535,12,normal
admin,1414,ER4,4535,12,normal
admin,1415,ER4,4535,12,normal
admin,1416,E2,4535,12,normal
admin,1417,ER4,4535,12,normal
admin,1418,ER4,4535,12,normal
admin,1419,ER4,4535,12,normal
admin,1420,L2,4535,12,normal
admin,1421,ER4,4535,12,normal
admin,1422,ER4,4535,12,normal
admin,1423,M2,4535,12,normal
admin,1424,ER1,4535,12,normal
admin,1425,E2,4535,12,normal
admin,1426,U3,4535,12,normal
admin,1427,U3,4535,12,normal
admin,1428,U3,4535,12,normal
admin,1429,U3,4535,12,normal
admin,1430,M3,4535,12,normal
admin,1431,MO2,4535,12,normal
admin,1432,M6,4535,12,normal
admin,1433,ER4,4535,12,normal
admin,1434,M1,4535,12,normal
admin,1435,M3,4535,12,normal
admin,1436,ER4,4535,12,normal
admin,1437,ER4,4535,12,normal
admin,1438,ER4,4535,12,normal
admin,1439,ER3,4535,12,normal
admin,1440,M4,4535,12,normal
admin,1441,MO1,4535,12,normal
admin,1442,ER4,4535,12,normal
admin,1443,ER4,4535,12,normal
admin,1444,M3,4535,12,normal
admin,1445,M4,4535,12,normal
admin,1446,E2,4535,12,normal
admin,1447,M2,4535,12,normal
admin,1448,M5,4535,12,normal
admin,1449,U3,4535,12,normal
admin,1450,U3,4535,12,normal
admin,1451,U3,4535,12,normal
admin,1452,U3,4535,12,normal
admin,1453,ER4,4535,12,normal
admin,1454,M1,4535,12,normal
admin,1455,MO2,4535,12,normal
admin,1456,M6,4535,12,normal
admin,1457,ER4,4535,12,normal
admin,1458,ER4,4535,12,normal
admin,1459,M4,4535,12,normal
admin,1460,ER4,4535,12,normal
admin,1461,ER4,4535,12,normal
admin,1462,MO2,4535,12,normal
admin,1463,ER4,4535,12,normal
admin,1464,ER4,4535,12,normal
admin,1465,ER4,4535,12,normal
admin,1466,M4,4535,12,normal
admin,1467,U1,4535,12,normal
admin,1468,U1,4535,12,normal
admin,1469,U1,4535,12,normal
admin,1470,M6,4535,12,normal
admin,1471,ER4,4536,12,normal
admin,1472,ER4,4536,12,normal
admin,1473,ER4,4536,12,normal
admin,1474,U3,4536,12,normal
admin,1475,M4,4536,12,normal
admin,1476,M6,4536,12,normal
admin,1477,ER4,4536,12,normal
admin,1478,ER2,4536,12,normal
admin,1479,ER2,4536,12,normal
admin,1481,M6,4536,12,normal
admin,1482,MO2,4536,12,normal
admin,1483,U1,4536,12,normal
admin,1484,U1,4536,12,normal
admin,1485,ER5,4536,12,normal
admin,1486,ER5,4536,12,normal
admin,1487,ER5,4536,12,normal
admin,1488,ER6,4536,12,normal
admin,1489,ER6,4536,12,normal
admin,1490,ER6,4536,12,normal
admin,1491,ER6,4536,12,normal
admin,1492,ER6,4536,12,normal
admin,1493,ER6,4536,12,normal
admin,1494,ER6,4536,12,normal
admin,1495,ER6,4536,12,normal
admin,1496,ER6,4536,12,normal
admin,1497,ER6,4536,12,normal
admin,1498,ER6,4536,12,normal
admin,1499,ER6,4536,12,normal
admin,1500,ER6,4536,12,normal
admin,1501,ER5,4536,12,normal
admin,1502,ER6,4536,12,normal
admin,1503,ER6,4536,12,normal
admin,1504,ER6,4536,12,normal
admin,1505,ER6,4536,12,normal
admin,1506,B2,4536,12,normal
admin,1507,ER4,4536,12,normal
admin,1508,M2,4537,12,normal
admin,1509,M2,4537,12,normal
admin,1510,M3,4537,12,normal
admin,1511,ER2,4537,12,normal
admin,1512,L4,4537,12,normal
admin,1513,ER3,4537,12,normal
admin,1514,ER4,4537,12,normal
admin,1515,ER4,4537,12,normal
admin,1516,ER4,4537,12,normal
admin,1517,M5,4537,12,normal
admin,1518,M6,4537,12,normal
admin,1519,ER4,4537,12,normal
admin,1520,ER4,4537,12,normal
admin,1521,ER3,4537,12,normal
admin,1522,ER4,4537,12,normal
admin,1523,ER4,4537,12,normal
admin,1524,ER5,4537,12,normal
admin,1525,ER5,4537,12,normal
admin,1526,U1,4537,12,normal
admin,1527,U1,4537,12,normal
admin,1528,U1,4537,12,normal
admin,1529,ER6,4537,12,normal
admin,1530,ER6,4537,12,normal
admin,1531,ER6,4537,12,normal
admin,1532,ER6,4537,12,normal
admin,1533,ER6,4537,12,normal
admin,1534,L4,4538,4,normal
admin,1535,L4,4538,4,normal
admin,1536,L4,4538,4,normal
admin,1537,L4,4538,4,normal
admin,1538,U3,4538,4,normal
admin,1539,U3,4538,4,normal
admin,1540,U3,4538,4,normal
admin,1541,U3,4538,4,normal
admin,1542,E2,4538,4,normal
admin,1543,E2,4538,4,normal
admin,1544,M6,4538,4,normal
admin,1545,M6,4538,4,normal
admin,1546,M6,4538,4,normal
admin,1547,M6,4538,4,normal
admin,1548,E2,4538,4,normal
admin,1549,MO1,4538,4,normal
admin,1550,E2,4538,4,normal
admin,1551,U3,4538,4,normal
admin,1552,L4,4538,4,normal
admin,1553,M6,4538,4,normal
admin,1554,M5,4538,4,normal
admin,1555,M6,4538,4,normal
admin,1556,M5,4538,4,normal
admin,1557,M5,4538,4,normal
admin,1558,M6,4538,4,normal
admin,1559,L2,4538,4,normal
admin,1560,M6,4538,4,normal
admin,1561,ER6,4538,4,normal
admin,1562,ER6,4538,4,normal
admin,1563,ER6,4538,4,normal
admin,1564,ER6,4538,4,normal
admin,1565,U3,4538,4,normal
admin,1566,ER6,4538,4,normal
admin,1567,ER6,4538,4,normal
admin,1568,ER6,4538,4,normal
admin,1569,ER6,4538,4,normal
admin,1570,M1,4539,4,normal
admin,1571,L4,4539,4,normal
admin,1572,U3,4539,4,normal
admin,1573,U3,4539,4,normal
admin,1574,M5,4539,4,normal
admin,1575,M6,4539,4,normal
admin,1576,L2,4539,4,normal
admin,1577,U1,4539,4,normal
admin,1578,L2,4539,4,normal
admin,1579,E2,4539,4,normal
admin,1580,U3,4540,4,normal
admin,1581,U3,4540,4,normal
admin,1582,U3,4540,4,normal
admin,1583,U3,4540,4,normal
admin,1584,E1,4541,4,normal
admin,1585,E2,4541,4,normal
admin,1586,E1,4541,4,normal
admin,1587,L2,4541,4,normal
admin,1588,E2,4541,4,normal
admin,1589,M6,4541,4,normal
admin,1590,ER3,4541,4,normal
admin,1591,U3,4541,4,normal
admin,1592,U3,4541,4,normal
admin,1593,ER2,4542,4,normal
admin,1594,L4,4542,4,normal
admin,1595,MO1,4542,4,normal
admin,1596,M6,4542,4,normal
admin,1597,M6,4542,4,normal
admin,1598,M5,4542,4,normal
admin,1599,M1,4542,4,normal
admin,1600,L2,4542,4,normal
admin,1601,M5,4542,4,normal
admin,1602,M6,4542,4,normal
admin,1603,ER6,4542,4,normal
admin,1604,ER6,4542,4,normal
admin,1605,ER6,4542,4,normal
admin,1606,ER6,4542,4,normal
admin,1607,ER6,4542,4,normal
admin,1608,ER6,4542,4,normal
admin,1609,ER4,4542,4,normal
admin,1610,ER1,4543,4,normal
admin,1611,ER1,4543,4,normal
admin,1612,ER1,4543,4,normal
admin,1613,B1,4543,4,normal
admin,1614,U3,4543,4,normal
admin,1615,U3,4543,4,normal
admin,1616,ER4,4543,4,normal
admin,1617,M6,4543,4,normal
admin,1618,M6,4543,4,normal
admin,1619,L2,4543,4,normal
admin,1620,M5,4543,4,normal
admin,1621,MO1,4543,4,normal
admin,1622,U3,4544,4,normal
admin,1623,L4,4544,4,normal
admin,1624,ER4,4544,4,normal
admin,1625,MO1,4544,4,normal
admin,1626,M6,4544,4,normal
admin,1627,M6,4544,4,normal
admin,1628,M5,4544,4,normal
admin,1629,M5,4544,4,normal
admin,1630,U3,4544,4,normal
admin,1631,U3,4544,4,normal
admin,1632,UL,4545,4,normal
admin,1633,UL,4545,4,normal
admin,1634,UL,4545,4,normal
admin,1635,UL,4545,4,normal
admin,1636,UL,4545,4,normal
admin,1637,E2,4545,4,normal
admin,1638,U2,4545,4,normal
admin,1639,U1,4545,4,normal
admin,1640,U1,4545,4,normal
admin,1641,U1,4545,4,normal
admin,1642,U3,4546,4,normal
admin,1643,U3,4546,4,normal
admin,1644,U3,4546,4,normal
admin,1645,U3,4546,4,normal
admin,1646,U3,4546,4,normal
admin,1647,U3,4546,4,normal
admin,1648,U3,4546,4,normal
admin,1649,U1,4546,4,normal
admin,1650,U1,4546,4,normal
admin,1651,U1,4546,4,normal
admin,1652,U1,4546,4,normal
admin,1653,U3,4547,4,normal
admin,1654,U3,4547,4,normal
admin,1655,U3,4548,4,normal
admin,1656,U3,4548,4,normal
admin,1657,U3,4548,4,normal
admin,1658,U3,4548,4,normal
admin,1659,U3,4548,4,normal
admin,1660,L4,4548,4,normal
admin,1661,M5,4548,4,normal
admin,1662,M5,4548,4,normal
admin,1663,M5,4548,4,normal
admin,1664,M5,4548,4,normal
admin,1665,E2,4548,4,normal
admin,1666,U3,4549,4,normal
admin,1667,U3,4549,4,normal
admin,1668,U3,4549,4,normal
admin,1669,U3,4549,4,normal
admin,1670,E2,4549,4,normal
admin,1671,E1,4550,4,normal
admin,1672,E1,4550,4,normal
admin,1673,U3,4550,4,normal
admin,1674,E2,4550,4,normal
admin,1675,E2,4550,4,normal
admin,1676,MO2,4550,4,normal
admin,1677,ER3,4550,4,normal
admin,1678,U3,4553,4,normal
admin,1679,U3,4553,4,normal
admin,1680,U3,4553,4,normal
admin,1681,E2,4553,4,normal
admin,1682,E1,4553,4,normal
admin,1683,M3,4553,4,normal
admin,1684,E2,4553,4,normal
admin,1685,E2,4553,4,normal
admin,1686,U2,4552,4,normal
admin,1687,U3,4552,4,normal
admin,1688,M6,4552,4,normal
admin,1689,M5,4552,4,normal
admin,1690,ER1,4551,4,normal
admin,1691,E2,4551,4,normal
admin,1692,E1,4551,4,normal
admin,1693,E1,4551,4,normal
admin,1694,M4,4549,4,normal
admin,1695,M4,4549,4,normal
admin,1696,M1,4549,4,normal
admin,1697,U3,4549,4,normal
admin,1698,U3,4549,4,normal
admin,1699,U3,4549,4,normal
admin,1700,M4,4549,4,normal
admin,1701,M2,4555,13,normal
admin,1702,M3,4555,13,normal
admin,1703,M4,4555,13,normal
admin,1704,M4,4555,13,normal
admin,1705,M5,4555,13,normal
admin,1706,M5,4555,13,normal
admin,1707,M5,4555,13,normal
admin,1708,ER4,4555,13,normal
admin,1709,ER4,4555,13,normal
admin,1710,L2,4555,13,normal
admin,1711,ER4,4555,13,normal
admin,1712,ER4,4555,13,normal
admin,1713,M5,4555,13,normal
admin,1715,ER4,4555,13,normal
admin,1716,ER5,4555,13,normal
admin,1717,ER5,4555,13,normal
admin,1718,ER5,4555,13,normal
admin,1719,ER5,4555,13,normal
admin,1720,ER5,4555,13,normal
admin,1721,ER6,4555,13,normal
admin,1722,ER6,4555,13,normal
admin,1723,ER6,4555,13,normal
admin,1724,ER6,4555,13,normal
admin,1725,ER6,4555,13,normal
admin,1726,ER6,4555,13,normal
admin,1727,ER6,4555,13,normal
admin,1728,ER6,4555,13,normal
admin,1729,ER6,4555,13,normal
admin,1730,U1,4555,13,normal
admin,1731,U1,4555,13,normal
admin,1732,U1,4555,13,normal
admin,1733,U1,4555,13,normal
admin,1734,U1,4555,13,normal
admin,1735,M4,4555,13,normal
admin,1736,ER3,4555,13,normal
admin,1737,MO1,4555,13,normal
admin,1738,MO1,4555,13,normal
admin,1739,ER4,4556,13,normal
admin,1740,ER4,4556,13,normal
admin,1741,M2,4556,13,normal
admin,1742,M4,4556,13,normal
admin,1743,M3,4556,13,normal
admin,1744,M4,4556,13,normal
admin,1745,M4,4556,13,normal
admin,1746,M4,4556,13,normal
admin,1747,ER4,4556,13,normal
admin,1748,ER3,4556,13,normal
admin,1749,ER3,4556,13,normal
admin,1750,ER4,4556,13,normal
admin,1751,ER4,4556,13,normal
admin,1752,ER3,4556,13,normal
admin,1753,M3,4556,13,normal
admin,1754,ER4,4556,13,normal
admin,1755,ER4,4556,13,normal
admin,1756,M3,4556,13,normal
admin,1757,M3,4556,13,normal
admin,1758,M4,4556,13,normal
admin,1759,M4,4556,13,normal
admin,1760,M4,4556,13,normal
admin,1761,M3,4556,13,normal
admin,1762,ER3,4556,13,normal
admin,1763,ER3,4556,13,normal
admin,1764,ER2,4556,13,normal
admin,1765,L2,4556,13,normal
admin,1766,ER4,4556,13,normal
admin,1767,M5,4556,13,normal
admin,1768,M3,4556,13,normal
admin,1769,M4,4556,13,normal
admin,1770,M3,4556,13,normal
admin,1771,M4,4556,13,normal
admin,1772,M4,4556,13,normal
admin,1773,M3,4556,13,normal
admin,1774,M5,4556,13,normal
admin,1775,U3,4556,13,normal
admin,1776,U3,4556,13,normal
admin,1777,M3,4556,13,normal
admin,1778,ER3,4556,13,normal
admin,1779,ER4,4556,13,normal
admin,1780,ER4,4556,13,normal
admin,1781,ER4,4556,13,normal
admin,1782,MO1,4556,13,normal
admin,1783,ER1,4557,13,normal
admin,1784,M3,4557,13,normal
admin,1785,M2,4557,13,normal
admin,1786,U3,4557,13,normal
admin,1787,U3,4557,13,normal
admin,1788,U3,4557,13,normal
admin,1789,U3,4557,13,normal
admin,1790,U3,4557,13,normal
admin,1791,ER3,4557,13,normal
admin,1792,ER3,4557,13,normal
admin,1793,ER4,4557,13,normal
admin,1794,M3,4557,13,normal
admin,1795,M3,4557,13,normal
admin,1796,M3,4557,13,normal
admin,1797,M3,4557,13,normal
admin,1798,ER4,4557,13,normal
admin,1799,ER4,4557,13,normal
admin,1800,ER4,4557,13,normal
admin,1801,ER4,4557,13,normal
admin,1802,ER4,4557,13,normal
admin,1803,ER4,4557,13,normal
admin,1804,M4,4557,13,normal
admin,1805,ER6,4557,13,normal
admin,1806,ER6,4557,13,normal
admin,1807,ER6,4557,13,normal
admin,1808,ER6,4557,13,normal
admin,1809,ER6,4557,13,normal
admin,1810,ER6,4557,13,normal
admin,1811,ER6,4557,13,normal
admin,1812,ER4,4557,13,normal
admin,1813,E2,4557,13,normal
admin,1814,ER3,4557,13,normal
admin,1815,ER4,4557,13,normal
admin,1816,ER4,4557,13,normal
admin,1817,ER6,4557,13,normal
admin,1818,ER2,4558,13,normal
admin,1819,M2,4558,13,normal
admin,1820,M2,4558,13,normal
admin,1821,ER4,4558,13,normal
admin,1822,ER4,4558,13,normal
admin,1823,ER4,4558,13,normal
admin,1824,ER4,4558,13,normal
admin,1825,M5,4558,13,normal
admin,1826,M4,4558,13,normal
admin,1827,M3,4558,13,normal
admin,1828,M3,4558,13,normal
admin,1829,ER4,4558,13,normal
admin,1830,ER5,4558,13,normal
admin,1831,M1,4558,13,normal
admin,1832,ER4,4558,13,normal
admin,1833,ER4,4558,13,normal
admin,1834,M6,4558,13,normal
admin,1835,E1,4558,13,normal
admin,1836,ER4,4558,13,normal
admin,1837,M6,4558,13,normal
admin,1838,M2,4558,13,normal
admin,1839,M2,4558,13,normal
admin,1840,M2,4558,13,normal
admin,1842,M2,4559,13,normal
admin,1843,M2,4559,13,normal
admin,1844,E1,4559,13,normal
admin,1845,M3,4559,13,normal
admin,1846,M3,4559,13,normal
admin,1847,ER1,4559,13,normal
admin,1848,M2,4559,13,normal
admin,1849,ER3,4559,13,normal
admin,1850,ER4,4559,13,normal
admin,1851,ER3,4559,13,normal
admin,1852,ER3,4559,13,normal
admin,1853,ER5,4559,13,normal
admin,1854,ER5,4559,13,normal
admin,1855,ER5,4559,13,normal
admin,1856,ER4,4559,13,normal
admin,1857,ER4,4559,13,normal
admin,1858,M3,4559,13,normal
admin,1859,M4,4559,13,normal
admin,1860,M4,4559,13,normal
admin,1861,MO1,4559,13,normal
admin,1862,L4,4559,13,normal
admin,1863,ER4,4559,13,normal
admin,1864,ER3,4559,13,normal
admin,1865,ER3,4559,13,normal
admin,1866,ER4,4559,13,normal
admin,1867,ER4,4559,13,normal
admin,1868,M2,4559,13,normal
admin,1869,M5,4559,13,normal
admin,1870,M5,4559,13,normal
admin,1871,M5,4559,13,normal
admin,1872,M5,4559,13,normal
admin,1873,M5,4559,13,normal
admin,1874,M5,4559,13,normal
admin,1875,M5,4559,13,normal
admin,1876,M6,4559,13,normal
admin,1877,M3,4559,13,normal
admin,1878,ER3,4559,13,normal
admin,1879,ER1,4559,13,normal
admin,1880,ER4,4559,13,normal
admin,1881,ER4,4559,13,normal
admin,1882,L2,4559,13,normal
admin,1883,L2,4559,13,normal
admin,1884,ER4,4559,13,normal
admin,1885,ER3,4559,13,normal
admin,1886,ER4,4559,13,normal
admin,1887,ER4,4559,13,normal
admin,1888,U1,4559,13,normal
admin,1889,ER2,4559,13,normal
admin,1890,ER4,4559,13,normal
admin,1891,ER3,4559,13,normal
admin,1892,ER2,4559,13,normal
admin,1893,M3,4559,13,normal
admin,1894,M4,4559,13,normal
admin,1895,M4,4559,13,normal
admin,1896,U1,4559,13,normal
admin,1897,ER6,4559,13,normal
admin,1898,UL,4559,13,normal
admin,1899,ER6,4559,13,normal
admin,1900,ER6,4559,13,normal
admin,1901,ER6,4559,13,normal
admin,1902,M3,4559,13,normal
admin,1903,M3,4559,13,normal
admin,1904,M4,4559,13,normal
admin,1905,ER4,4559,13,normal
admin,1906,M4,4559,13,normal
admin,1907,ER4,4560,13,normal
admin,1908,E2,4560,13,normal
admin,1909,ER3,4560,13,normal
admin,1910,M3,4560,13,normal
admin,1911,U3,4560,13,normal
admin,1912,U3,4560,13,normal
admin,1913,U3,4560,13,normal
admin,1914,E1,4560,13,normal
admin,1915,ER5,4560,13,normal
admin,1916,E1,4560,13,normal
admin,1917,E1,4560,13,normal
admin,1918,M3,4560,13,normal
admin,1919,M3,4560,13,normal
admin,1920,M3,4560,13,normal
admin,1921,M4,4560,13,normal
admin,1922,M3,4560,13,normal
admin,1923,M3,4560,13,normal
admin,1924,M4,4560,13,normal
admin,1925,M4,4560,13,normal
admin,1926,M4,4560,13,normal
admin,1927,M5,4560,13,normal
admin,1928,M5,4560,13,normal
admin,1929,L2,4560,13,normal
admin,1930,M3,4560,13,normal
admin,1931,ER3,4560,13,normal
admin,1932,ER3,4560,13,normal
admin,1933,ER4,4560,13,normal
admin,1934,M1,4560,13,normal
admin,1935,M3,4560,13,normal
admin,1936,M3,4560,13,normal
admin,1937,M5,4560,13,normal
admin,1938,M4,4560,13,normal
admin,1939,MO2,4560,13,normal
admin,1940,MO2,4560,13,normal
admin,1941,M6,4560,13,normal
admin,1942,ER4,4560,13,normal
admin,1943,M3,4560,13,normal
admin,1944,M5,4560,13,normal
admin,1945,M5,4560,13,normal
admin,1946,ER4,4560,13,normal
admin,1947,ER3,4560,13,normal
admin,1948,U1,4560,13,normal
admin,1949,U1,4560,13,normal
admin,1950,U1,4560,13,normal
admin,1951,U1,4560,13,normal
admin,1952,U1,4560,13,normal
admin,1953,ER3,4560,13,normal
admin,1954,ER4,4560,13,normal
admin,1955,ER4,4560,13,normal
admin,1956,ER4,4560,13,normal
admin,1957,ER3,4560,13,normal
admin,1958,ER1,4561,13,normal
admin,1959,ER1,4561,13,normal
admin,1960,M1,4561,13,normal
admin,1961,E1,4561,13,normal
admin,1962,E2,4561,13,normal
admin,1963,M3,4561,13,normal
admin,1964,E1,4561,13,normal
admin,1965,M1,4561,13,normal
admin,1966,L2,4561,13,normal
admin,1967,E1,4561,13,normal
admin,1968,M5,4561,13,normal
admin,1969,ER4,4561,13,normal
admin,1970,ER4,4561,13,normal
admin,1971,ER4,4561,13,normal
admin,1972,ER3,4561,13,normal
admin,1973,M5,4561,13,normal
admin,1974,M6,4561,13,normal
admin,1975,M4,4561,13,normal
admin,1976,M4,4561,13,normal
admin,1977,ER4,4561,13,normal
admin,1978,ER4,4561,13,normal
admin,1979,ER4,4561,13,normal
admin,1980,M4,4561,13,normal
admin,1981,M5,4561,13,normal
admin,1982,M4,4561,13,normal
admin,1983,ER5,4561,13,normal
admin,1984,ER5,4561,13,normal
admin,1985,ER6,4561,13,normal
admin,1986,ER6,4561,13,normal
admin,1987,ER6,4561,13,normal
admin,1988,ER6,4561,13,normal
admin,1989,ER6,4561,13,normal
admin,1990,U1,4561,13,normal
admin,1991,ER5,4561,13,normal
admin,1992,ER5,4561,13,normal
admin,1993,MO2,4561,13,normal
admin,1994,ER1,4562,13,normal
admin,1995,M3,4562,13,normal
admin,1996,ER4,4562,13,normal
admin,1997,ER4,4562,13,normal
admin,1998,ER5,4562,13,normal
admin,1999,ER5,4562,13,normal
admin,2000,ER5,4562,13,normal
admin,2001,ER5,4562,13,normal
admin,2002,ER5,4562,13,normal
admin,2003,ER5,4562,13,normal
admin,2004,ER6,4562,13,normal
admin,2005,ER6,4562,13,normal
admin,2006,ER6,4562,13,normal
admin,2007,U1,4562,13,normal
admin,2008,U1,4562,13,normal
admin,2009,ER6,4562,13,normal
admin,2010,ER6,4562,13,normal
admin,2011,ER6,4562,13,normal
admin,2012,ER6,4562,13,normal
admin,2013,ER6,4562,13,normal
admin,2014,ER3,4562,13,normal
admin,2015,ER4,4562,13,normal
admin,2016,ER4,4562,13,normal
admin,2017,ER4,4562,13,normal
admin,2018,ER3,4562,13,normal
admin,2019,U1,4562,13,normal
admin,2020,U1,4562,13,normal
admin,2021,ER6,4562,13,normal
admin,2022,ER6,4562,13,normal
admin,2023,ER6,4562,13,normal
admin,2024,ER6,4562,13,normal
admin,2025,ER5,4562,13,normal
admin,2026,ER6,4562,13,normal
admin,2027,M5,4562,13,normal
admin,2028,M1,4562,13,normal
admin,2029,M3,4562,13,normal
admin,2030,M3,4562,13,normal
admin,2031,M4,4562,13,normal
admin,2032,M4,4562,13,normal
admin,2033,M4,4562,13,normal
admin,2034,M3,4562,13,normal
admin,2035,M4,4562,13,normal
admin,2036,M5,4562,13,normal
admin,2037,U3,4563,13,normal
admin,2038,U3,4563,13,normal
admin,2039,M2,4563,13,normal
admin,2040,MO1,4563,13,normal
admin,2041,E1,4563,13,normal
admin,2042,M3,4563,13,normal
admin,2043,ER4,4563,13,normal
admin,2044,UL,4563,13,normal
admin,2045,ER4,4563,13,normal
admin,2046,ER4,4563,13,normal
admin,2047,ER4,4563,13,normal
admin,2048,L2,4563,13,normal
admin,2049,U1,4563,13,normal
admin,2050,U1,4563,13,normal
admin,2051,ER4,4563,13,normal
admin,2052,ER4,4563,13,normal
admin,2053,ER4,4563,13,normal
admin,2054,ER4,4563,13,normal
admin,2055,ER4,4563,13,normal
admin,2056,ER4,4563,13,normal
admin,2057,ER4,4563,13,normal
admin,2058,M2,4563,13,normal
admin,2059,M4,4563,13,normal
admin,2060,M5,4563,13,normal
admin,2061,M5,4563,13,normal
admin,2062,M5,4563,13,normal
admin,2063,M4,4563,13,normal
admin,2064,ER4,4563,13,normal
admin,2065,ER4,4563,13,normal
admin,2066,E1,4563,13,normal
admin,2067,ER4,4563,13,normal
admin,2068,ER4,4563,13,normal
admin,2069,M6,4563,13,normal
admin,2070,ER5,4563,13,normal
admin,2071,ER5,4563,13,normal
admin,2072,ER5,4563,13,normal
admin,2073,ER6,4563,13,normal
admin,2074,ER6,4563,13,normal
admin,2075,ER6,4563,13,normal
admin,2076,ER4,4563,13,normal
admin,2077,ER4,4563,13,normal
admin,2078,ER4,4563,13,normal
admin,2079,ER4,4563,13,normal
admin,2080,ER4,4563,13,normal
admin,2081,M1,4564,13,normal
admin,2082,M2,4564,13,normal
admin,2083,M2,4564,13,normal
admin,2084,M1,4564,13,normal
admin,2085,M2,4564,13,normal
admin,2086,M1,4564,13,normal
admin,2087,U2,4564,13,normal
admin,2088,U2,4564,13,normal
admin,2089,U2,4564,13,normal
admin,2090,ER4,4564,13,normal
admin,2091,ER4,4564,13,normal
admin,2092,ER4,4564,13,normal
admin,2093,M3,4564,13,normal
admin,2094,M4,4564,13,normal
admin,2095,ER2,4564,13,normal
admin,2096,ER2,4564,13,normal
admin,2097,ER4,4564,13,normal
admin,2098,ER4,4564,13,normal
admin,2099,ER4,4564,13,normal
admin,2100,ER3,4564,13,normal
admin,2101,ER4,4564,13,normal
admin,2102,ER4,4564,13,normal
admin,2103,ER3,4564,13,normal
admin,2104,ER4,4564,13,normal
admin,2105,ER3,4564,13,normal
admin,2106,ER3,4564,13,normal
admin,2107,ER4,4564,13,normal
admin,2108,ER3,4564,13,normal
admin,2109,M1,4564,13,normal
admin,2110,M2,4565,13,normal
admin,2111,M2,4565,13,normal
admin,2112,M2,4565,13,normal
admin,2113,M3,4565,13,normal
admin,2114,M3,4565,13,normal
admin,2115,M2,4565,13,normal
admin,2116,ER1,4565,13,normal
admin,2117,ER1,4565,13,normal
admin,2118,ER3,4565,13,normal
admin,2119,ER3,4565,13,normal
admin,2120,ER4,4565,13,normal
admin,2121,ER4,4565,13,normal
admin,2122,ER4,4565,13,normal
admin,2123,M3,4565,13,normal
admin,2124,M4,4565,13,normal
admin,2125,M3,4565,13,normal
admin,2126,M5,4565,13,normal
admin,2127,ER4,4565,13,normal
admin,2128,ER4,4565,13,normal
admin,2129,ER4,4565,13,normal
admin,2130,M6,4565,13,normal
admin,2131,ER5,4565,13,normal
admin,2132,ER5,4565,13,normal
admin,2133,ER5,4565,13,normal
admin,2134,ER5,4565,13,normal
admin,2135,ER5,4565,13,normal
admin,2136,ER5,4565,13,normal
admin,2137,ER6,4565,13,normal
admin,2138,ER6,4565,13,normal
admin,2139,ER6,4565,13,normal
admin,2140,ER6,4565,13,normal
admin,2141,ER6,4565,13,normal
admin,2142,ER6,4565,13,normal
admin,2143,ER6,4565,13,normal
admin,2144,ER6,4565,13,normal
admin,2145,ER6,4565,13,normal
admin,2146,M4,4565,13,normal
admin,2147,M3,4565,13,normal
admin,2148,ER4,4565,13,normal
admin,2149,ER4,4565,13,normal
admin,2150,ER4,4565,13,normal
admin,2151,ER4,4565,13,normal
admin,2152,ER4,4565,13,normal
admin,2153,ER3,4565,13,normal
admin,2154,U1,4565,13,normal
admin,2155,U1,4565,13,normal
admin,2156,U1,4565,13,normal
admin,2157,U1,4565,13,normal
admin,2158,U1,4565,13,normal
admin,2159,ER1,4566,13,normal
admin,2160,M3,4566,13,normal
admin,2161,ER5,4566,13,normal
admin,2162,ER6,4566,13,normal
admin,2163,M6,4566,13,normal
admin,2164,M6,4566,13,normal
admin,2165,M6,4566,13,normal
admin,2166,M5,4566,13,normal
admin,2167,M2,4567,13,normal
admin,2168,M2,4567,13,normal
admin,2169,ER1,4567,13,normal
admin,2170,U2,4567,13,normal
admin,2171,M1,4567,13,normal
admin,2172,E2,4567,13,normal
admin,2173,ER4,4567,13,normal
admin,2174,ER4,4567,13,normal
admin,2175,ER4,4567,13,normal
admin,2176,M3,4567,13,normal
admin,2177,M3,4567,13,normal
admin,2178,U3,4568,13,normal
admin,2179,U3,4568,13,normal
admin,2180,U3,4568,13,normal
admin,2181,M1,4568,13,normal
admin,2182,M1,4568,13,normal
admin,2183,ER2,4568,13,normal
admin,2184,MO1,4568,13,normal
admin,2185,M2,4568,13,normal
admin,2186,UL,4568,13,normal
admin,2187,ER3,4569,5,normal
admin,2188,ER3,4569,5,normal
admin,2189,ER3,4569,5,normal
admin,2190,ER3,4569,5,normal
admin,2191,L2,4569,5,normal
admin,2192,ER4,4569,5,normal
admin,2193,ER4,4569,5,normal
admin,2194,U1,4569,5,normal
admin,2195,U1,4569,5,normal
admin,2196,U1,4569,5,normal
admin,2197,U1,4569,5,normal
admin,2198,U1,4569,5,normal
admin,2199,U1,4569,5,normal
admin,2200,U1,4569,5,normal
admin,2201,U1,4569,5,normal
admin,2202,U1,4569,5,normal
admin,2203,U1,4569,5,normal
admin,2204,U1,4569,5,normal
admin,2206,L2,4569,5,normal
admin,2207,M4,4569,5,normal
admin,2208,M4,4569,5,normal
admin,2209,MO2,4569,5,normal
admin,2210,M2,4569,5,normal
admin,2211,L2,4569,5,normal
admin,2212,L2,4569,5,normal
admin,2213,M5,4570,5,normal
admin,2214,U1,4570,5,normal
admin,2215,ER5,4570,5,normal
admin,2216,ER6,4570,5,normal
admin,2217,ER6,4570,5,normal
admin,2218,ER6,4570,5,normal
admin,2219,ER6,4570,5,normal
admin,2220,ER6,4570,5,normal
admin,2221,ER6,4570,5,normal
admin,2222,U3,4570,5,normal
admin,2223,U3,4570,5,normal
admin,2224,U3,4570,5,normal
admin,2225,U3,4570,5,normal
admin,2226,U3,4570,5,normal
admin,2227,U3,4570,5,normal
admin,2228,U3,4570,5,normal
admin,2229,U3,4570,5,normal
admin,2230,U2,4570,5,normal
admin,2231,ER2,4571,5,normal
admin,2232,ER1,4571,5,normal
admin,2233,ER3,4571,5,normal
admin,2234,ER3,4571,5,normal
admin,2235,ER3,4571,5,normal
admin,2236,ER3,4571,5,normal
admin,2237,ER3,4571,5,normal
admin,2238,ER4,4571,5,normal
admin,2239,ER3,4571,5,normal
admin,2240,ER2,4571,5,normal
admin,2241,ER2,4571,5,normal
admin,2242,ER3,4571,5,normal
admin,2243,ER4,4571,5,normal
admin,2244,ER4,4571,5,normal
admin,2245,M6,4571,5,normal
admin,2246,M5,4571,5,normal
admin,2247,M5,4571,5,normal
admin,2248,U2,4571,5,normal
admin,2249,ER4,4571,5,normal
admin,2250,ER5,4571,5,normal
admin,2251,ER5,4571,5,normal
admin,2252,ER5,4571,5,normal
admin,2253,ER5,4571,5,normal
admin,2254,ER5,4571,5,normal
admin,2255,ER6,4571,5,normal
admin,2256,ER6,4571,5,normal
admin,2257,ER6,4571,5,normal
admin,2258,ER6,4571,5,normal
admin,2259,ER6,4571,5,normal
admin,2260,M3,4571,5,normal
admin,2261,ER5,4571,5,normal
admin,2262,ER5,4571,5,normal
admin,2263,ER6,4571,5,normal
admin,2264,ER6,4571,5,normal
admin,2265,ER6,4571,5,normal
admin,2266,ER6,4571,5,normal
admin,2267,M4,4571,5,normal
admin,2268,ER2,4571,5,normal
admin,2269,M3,4571,5,normal
admin,2270,MO2,4571,5,normal
admin,2271,MO2,4571,5,normal
admin,2272,U2,4571,5,normal
admin,2273,ER5,4572,5,normal
admin,2274,ER5,4572,5,normal
admin,2275,ER5,4572,5,normal
admin,2276,ER6,4572,5,normal
admin,2277,ER6,4572,5,normal
admin,2278,ER6,4572,5,normal
admin,2279,ER6,4572,5,normal
admin,2280,ER6,4572,5,normal
admin,2281,ER4,4572,5,normal
admin,2282,ER4,4572,5,normal
admin,2283,ER3,4572,5,normal
admin,2284,L4,4572,5,normal
admin,2285,ER3,4572,5,normal
admin,2286,ER3,4572,5,normal
admin,2287,ER3,4572,5,normal
admin,2288,ER3,4572,5,normal
admin,2289,ER3,4572,5,normal
admin,2290,ER3,4572,5,normal
admin,2291,ER3,4572,5,normal
admin,2292,ER2,4572,5,normal
admin,2293,ER2,4572,5,normal
admin,2294,ER4,4572,5,normal
admin,2295,M1,4572,5,normal
admin,2296,ER3,4572,5,normal
admin,2297,ER3,4572,5,normal
admin,2298,M1,4572,5,normal
admin,2299,L4,4572,5,normal
admin,2300,ER4,4572,5,normal
admin,2301,ER3,4572,5,normal
admin,2302,M2,4572,5,normal
admin,2303,M2,4572,5,normal
admin,2304,ER3,4572,5,normal
admin,2305,ER4,4572,5,normal
admin,2306,L2,4572,5,normal
admin,2307,M4,4572,5,normal
admin,2308,ER5,4573,5,normal
admin,2309,ER5,4573,5,normal
admin,2310,ER5,4573,5,normal
admin,2311,M1,4573,5,normal
admin,2312,ER3,4573,5,normal
admin,2313,MO2,4573,5,normal
admin,2314,MO2,4573,5,normal
admin,2315,M2,4573,5,normal
admin,2316,U3,4574,5,normal
admin,2317,U3,4574,5,normal
admin,2318,U1,4574,5,normal
admin,2319,MO2,4574,5,normal
admin,2320,M6,4574,5,normal
admin,2321,M5,4574,5,normal
admin,2322,M5,4574,5,normal
admin,2323,MO2,4574,5,normal
admin,2324,M3,4574,5,normal
admin,2325,ER2,4574,5,normal
admin,2326,L4,4574,5,normal
admin,2327,ER3,4574,5,normal
admin,2328,ER3,4574,5,normal
admin,2329,ER3,4574,5,normal
admin,2330,M3,4574,5,normal
admin,2331,ER4,4574,5,normal
admin,2332,ER4,4574,5,normal
admin,2333,ER5,4574,5,normal
admin,2334,ER5,4574,5,normal
admin,2335,M2,4574,5,normal
admin,2336,M2,4574,5,normal
admin,2337,M5,4574,5,normal
admin,2338,M5,4574,5,normal
admin,2339,ER4,4574,5,normal
admin,2340,M6,4574,5,normal
admin,2341,M6,4574,5,normal
admin,2342,M5,4574,5,normal
admin,2343,M4,4574,5,normal
admin,2344,M3,4574,5,normal
admin,2345,ER4,4574,5,normal
admin,2346,ER5,4574,5,normal
admin,2347,ER5,4574,5,normal
admin,2348,ER3,4575,5,normal
admin,2349,ER2,4575,5,normal
admin,2350,ER2,4575,5,normal
admin,2351,ER3,4575,5,normal
admin,2352,ER3,4575,5,normal
admin,2353,ER3,4575,5,normal
admin,2354,ER3,4575,5,normal
admin,2355,L4,4575,5,normal
admin,2356,ER3,4575,5,normal
admin,2357,ER2,4575,5,normal
admin,2358,U3,4575,5,normal
admin,2359,M3,4575,5,normal
admin,2360,M4,4575,5,normal
admin,2361,ER5,4575,5,normal
admin,2362,ER5,4575,5,normal
admin,2363,ER5,4575,5,normal
admin,2364,ER5,4575,5,normal
admin,2365,ER5,4575,5,normal
admin,2366,ER5,4575,5,normal
admin,2367,ER6,4575,5,normal
admin,2368,ER6,4575,5,normal
admin,2369,ER6,4575,5,normal
admin,2370,ER6,4575,5,normal
admin,2371,ER6,4575,5,normal
admin,2372,ER6,4575,5,normal
admin,2373,ER6,4575,5,normal
admin,2374,ER2,4575,5,normal
admin,2375,ER3,4575,5,normal
admin,2376,ER2,4575,5,normal
admin,2377,M1,4575,5,normal
admin,2378,ER4,4575,5,normal
admin,2379,ER4,4575,5,normal
admin,2380,M5,4575,5,normal
admin,2381,ER4,4575,5,normal
admin,2382,ER4,4575,5,normal
admin,2383,ER4,4575,5,normal
admin,2384,ER4,4575,5,normal
admin,2385,ER3,4575,5,normal
admin,2386,L2,4575,5,normal
admin,2387,ER5,4575,5,normal
admin,2388,L2,4575,5,normal
admin,2389,ER4,4575,5,normal
admin,2390,M1,4576,5,normal
admin,2391,L4,4576,5,normal
admin,2392,M3,4576,5,normal
admin,2393,M3,4576,5,normal
admin,2394,U3,4576,5,normal
admin,2395,U1,4576,5,normal
admin,2396,U1,4576,5,normal
admin,2397,U1,4576,5,normal
admin,2398,U1,4576,5,normal
admin,2399,U1,4576,5,normal
admin,2400,ER5,4576,5,normal
admin,2401,ER5,4576,5,normal
admin,2402,ER4,4576,5,normal
admin,2403,U1,4576,5,normal
admin,2404,U1,4576,5,normal
admin,2405,M5,4576,5,normal
admin,2406,M3,4576,5,normal
admin,2407,ER6,4576,5,normal
admin,2408,ER6,4576,5,normal
admin,2409,ER6,4576,5,normal
admin,2410,ER6,4576,5,normal
admin,2411,ER6,4576,5,normal
admin,2412,ER5,4576,5,normal
admin,2413,ER6,4576,5,normal
admin,2414,ER6,4576,5,normal
admin,2415,U3,4577,5,normal
admin,2416,U3,4577,5,normal
admin,2417,U3,4577,5,normal
admin,2418,U3,4577,5,normal
admin,2419,U3,4577,5,normal
admin,2420,ER2,4577,5,normal
admin,2421,L4,4577,5,normal
admin,2422,L4,4577,5,normal
admin,2423,ER3,4577,5,normal
admin,2424,ER5,4577,5,normal
admin,2425,ER5,4577,5,normal
admin,2426,ER2,4577,5,normal
admin,2427,ER3,4577,5,normal
admin,2428,ER3,4577,5,normal
admin,2429,ER3,4577,5,normal
admin,2430,ER3,4577,5,normal
admin,2431,ER3,4577,5,normal
admin,2432,M4,4577,5,normal
admin,2433,ER4,4577,5,normal
admin,2434,ER4,4577,5,normal
admin,2435,L2,4577,5,normal
admin,2436,M6,4577,5,normal
admin,2437,M5,4577,5,normal
admin,2438,M5,4577,5,normal
admin,2439,ER3,4577,5,normal
admin,2440,ER3,4577,5,normal
admin,2441,ER3,4577,5,normal
admin,2442,M1,4577,5,normal
admin,2443,M3,4577,5,normal
admin,2444,M4,4577,5,normal
admin,2445,ER5,4577,5,normal
admin,2446,L2,4577,5,normal
admin,2447,L2,4577,5,normal
admin,2448,ER5,4577,5,normal
admin,2449,ER5,4577,5,normal
admin,2450,ER5,4577,5,normal
admin,2451,ER5,4577,5,normal
admin,2452,ER5,4577,5,normal
admin,2453,M3,4577,5,normal
admin,2454,L2,4577,5,normal
admin,2455,U2,4577,5,normal
admin,2456,U2,4577,5,normal
admin,2457,U2,4577,5,normal
admin,2458,M4,4577,5,normal
admin,2459,M3,4577,5,normal
admin,2460,U2,4577,5,normal
admin,2461,ER4,4577,5,normal
admin,2462,ER5,4577,5,normal
admin,2463,ER5,4577,5,normal
admin,2464,ER5,4577,5,normal
admin,2465,MO1,4577,5,normal
admin,2466,M6,4577,5,normal
admin,2467,MO2,4577,5,normal
admin,2468,M5,4577,5,normal
admin,2469,M5,4577,5,normal
admin,2470,M6,4577,5,normal
admin,2471,M5,4577,5,normal
admin,2472,U1,4577,5,normal
admin,2473,U1,4577,5,normal
admin,2474,U1,4577,5,normal
admin,2475,U1,4577,5,normal
admin,2477,U1,4577,5,normal
admin,2478,M5,4577,5,normal
admin,2479,L2,4577,5,normal
admin,2480,L2,4577,5,normal
admin,2481,M2,4578,5,normal
admin,2482,MO1,4578,5,normal
admin,2483,M2,4578,5,normal
admin,2484,M3,4578,5,normal
admin,2485,UL,4578,5,normal
admin,2486,M6,4578,5,normal
admin,2487,UL,4578,5,normal
admin,2488,UL,4578,5,normal
admin,2489,UL,4578,5,normal
admin,2490,M5,4578,5,normal
admin,2491,M6,4578,5,normal
admin,2492,ER3,4578,5,normal
admin,2493,ER2,4578,5,normal
admin,2494,M3,4578,5,normal
admin,2495,M1,4578,5,normal
admin,2496,M1,4578,5,normal
admin,2497,ER1,4578,5,normal
admin,2498,ER4,4578,5,normal
admin,2499,ER4,4578,5,normal
admin,2500,ER4,4578,5,normal
admin,2501,ER4,4578,5,normal
admin,2502,ER2,4578,5,normal
admin,2503,L2,4578,5,normal
admin,2504,L2,4578,5,normal
admin,2505,ER4,4578,5,normal
admin,2506,M3,4578,5,normal
admin,2507,U2,4578,5,normal
admin,2508,U2,4578,5,normal
admin,2509,ER4,4578,5,normal
admin,2510,ER4,4578,5,normal
admin,2511,ER4,4578,5,normal
admin,2512,ER4,4578,5,normal
admin,2513,L2,4578,5,normal
admin,2514,L2,4578,5,normal
admin,2515,M4,4578,5,normal
admin,2516,MO2,4578,5,normal
admin,2517,L2,4578,5,normal
admin,2518,ER5,4578,5,normal
admin,2519,M3,4578,5,normal
admin,2520,U2,4578,5,normal
admin,2521,M5,4578,5,normal
admin,2522,M4,4578,5,normal
admin,2523,M4,4578,5,normal
admin,2524,U2,4578,5,normal
admin,2525,ER4,4578,5,normal
admin,2526,ER3,4580,5,normal
admin,2527,ER3,4580,5,normal
admin,2528,ER3,4580,5,normal
admin,2529,ER3,4580,5,normal
admin,2530,ER3,4580,5,normal
admin,2531,ER3,4580,5,normal
admin,2532,ER4,4580,5,normal
admin,2533,L2,4580,5,normal
admin,2534,M3,4580,5,normal
admin,2535,M2,4580,5,normal
admin,2536,M2,4580,5,normal
admin,2537,M4,4580,5,normal
admin,2538,U3,4580,5,normal
admin,2539,ER2,4580,5,normal
admin,2540,ER2,4580,5,normal
admin,2541,ER3,4580,5,normal
admin,2542,ER3,4580,5,normal
admin,2543,ER3,4580,5,normal
admin,2544,ER3,4580,5,normal
admin,2545,ER3,4580,5,normal
admin,2546,ER4,4580,5,normal
admin,2547,ER3,4580,5,normal
admin,2548,ER3,4580,5,normal
admin,2549,L4,4580,5,normal
admin,2550,ER1,4580,5,normal
admin,2551,MO1,4580,5,normal
admin,2552,M4,4580,5,normal
admin,2553,ER3,4580,5,normal
admin,2554,U2,4580,5,normal
admin,2555,M4,4580,5,normal
admin,2556,ER5,4580,5,normal
admin,2557,ER5,4580,5,normal
admin,2558,ER3,4580,5,normal
admin,2559,M4,4580,5,normal
admin,2560,U2,4580,5,normal
admin,2561,ER3,4580,5,normal
admin,2562,M4,4580,5,normal
admin,2563,M4,4580,5,normal
admin,2564,M5,4580,5,normal
admin,2565,ER3,4580,5,normal
admin,2566,MO2,4580,5,normal
admin,2567,ER4,4572,5,normal
admin,2568,ER4,4572,5,normal
admin,2569,UL,4572,5,normal
admin,2570,M3,4572,5,normal
admin,2571,M3,4572,5,normal
admin,2572,U3,4572,5,normal
admin,2573,L2,4572,5,normal
admin,2574,ER4,4572,5,normal
admin,2575,L4,4572,5,normal
admin,2576,L4,4572,5,normal
admin,2577,U1,4572,5,normal
admin,2578,UL,4573,5,normal
admin,2579,L4,4573,5,normal
admin,2580,ER2,4573,5,normal
admin,2581,L2,4573,5,normal
admin,2582,U2,4573,5,normal
admin,2583,ER2,4573,5,normal
admin,2584,E1,4573,5,normal
admin,2585,M1,4573,5,normal
admin,2586,UL,4573,5,normal
admin,2587,ER4,4573,5,normal
admin,2588,ER3,4573,5,normal
admin,2589,ER2,4573,5,normal
admin,2590,ER4,4573,5,normal
admin,2591,ER3,4573,5,normal
admin,2592,ER4,4573,5,normal
admin,2593,ER1,4573,5,normal
admin,2594,U3,4573,5,normal
admin,2595,ER5,4573,5,normal
admin,2596,ER5,4573,5,normal
admin,2597,ER5,4573,5,normal
admin,2598,ER5,4573,5,normal
admin,2599,ER5,4573,5,normal
admin,2600,UL,4573,5,normal
admin,2601,ER1,4573,5,normal
admin,2602,MO2,4573,5,normal
admin,2603,ER2,4573,5,normal
admin,2604,L2,4573,5,normal
admin,2605,L4,4573,5,normal
admin,2606,L2,4573,5,normal
admin,2607,L2,4573,5,normal
admin,2608,M4,4573,5,normal
admin,2609,M5,4573,5,normal
admin,2610,ER2,4573,5,normal
admin,2611,UL,4573,5,normal
admin,2612,UL,4573,5,normal
admin,2613,M1,4580,5,normal
admin,2614,M2,4580,5,normal
admin,2615,ER2,4580,5,normal
admin,2616,L2,4580,5,normal
admin,2617,ER3,4580,5,normal
admin,2618,L4,4580,5,normal
admin,2619,U3,4580,5,normal
admin,2620,ER3,4581,5,normal
admin,2621,ER4,4581,5,normal
admin,2622,MO2,4581,5,normal
admin,2623,M2,4581,5,normal
admin,2624,M1,4581,5,normal
admin,2625,L2,4581,5,normal
admin,2626,L2,4581,5,normal
admin,2627,L2,4581,5,normal
admin,2628,L2,4581,5,normal
admin,2629,L2,4581,5,normal
admin,2630,M4,4581,5,normal
admin,2631,M5,4581,5,normal
admin,2632,ER5,4581,5,normal
admin,2633,ER5,4581,5,normal
admin,2634,ER5,4581,5,normal
admin,2635,ER6,4581,5,normal
admin,2636,ER6,4581,5,normal
admin,2637,ER6,4581,5,normal
admin,2638,M3,4582,5,normal
admin,2639,ER1,4582,5,normal
admin,2640,M3,4582,5,normal
admin,2641,M3,4582,5,normal
admin,2642,M3,4582,5,normal
admin,2643,M3,4582,5,normal
admin,2644,M4,4582,5,normal
admin,2645,ER2,4582,5,normal
admin,2646,ER1,4582,5,normal
admin,2647,ER3,4582,5,normal
admin,2648,ER4,4582,5,normal
admin,2649,ER4,4582,5,normal
admin,2650,ER4,4582,5,normal
admin,2651,M5,4582,5,normal
admin,2652,M5,4582,5,normal
admin,2653,ER3,4582,5,normal
admin,2654,ER3,4582,5,normal
admin,2655,ER3,4582,5,normal
admin,2656,UL,4582,5,normal
admin,2657,U1,4582,5,normal
admin,2658,U1,4582,5,normal
admin,2659,U3,4583,5,normal
admin,2660,U3,4583,5,normal
admin,2661,U3,4583,5,normal
admin,2662,U3,4583,5,normal
admin,2663,U3,4583,5,normal
admin,2664,U3,4583,5,normal
admin,2665,U2,4583,5,normal
admin,2666,U2,4583,5,normal
admin,2667,MO1,4583,5,normal
admin,2668,M4,4583,5,normal
admin,2669,U3,4583,5,normal
admin,2670,U3,4583,5,normal
admin,2671,U3,4583,5,normal
admin,2672,U3,4583,5,normal
admin,2673,U3,4583,5,normal
admin,2674,U3,4583,5,normal
admin,2675,M4,4583,5,normal
admin,2676,M1,4583,5,normal
admin,2677,M1,4583,5,normal
admin,2678,ER3,4583,5,normal
admin,2679,ER3,4583,5,normal
admin,2680,L4,4583,5,normal
admin,2681,ER3,4583,5,normal
admin,2682,ER5,4583,5,normal
admin,2683,ER5,4583,5,normal
admin,2684,ER5,4583,5,normal
admin,2685,M5,4583,5,normal
admin,2686,M5,4583,5,normal
admin,2687,M5,4583,5,normal
admin,2688,M5,4583,5,normal
admin,2689,M5,4583,5,normal
admin,2690,M6,4583,5,normal
admin,2691,M6,4583,5,normal
admin,2692,ER1,4584,5,normal
admin,2693,U2,4584,5,normal
admin,2694,L4,4584,5,normal
admin,2695,L4,4584,5,normal
admin,2696,ER2,4584,5,normal
admin,2697,ER5,4584,5,normal
admin,2698,ER5,4584,5,normal
admin,2699,MO2,4584,5,normal
admin,2700,MO2,4584,5,normal
admin,2701,M6,4584,5,normal
admin,2702,M5,4584,5,normal
admin,2703,L4,4584,5,normal
admin,2704,U2,4585,5,normal
admin,2705,ER1,4585,5,normal
admin,2706,M2,4585,5,normal
admin,2707,M1,4585,5,normal
admin,2708,L4,4585,5,normal
admin,2709,MO2,4585,5,normal
admin,2710,L4,4585,5,normal
admin,2711,M2,4585,5,normal
admin,2712,M5,4585,5,normal
admin,2713,M6,4585,5,normal
admin,2714,ER4,4585,5,normal
admin,2715,E1,4506,6,normal
admin,2717,M1,4511,6,normal
admin,2718,M1,4511,6,normal
admin,2719,M1,4511,6,normal
admin,2720,M1,4511,6,normal
admin,2721,M1,4586,6,normal
admin,2722,M1,4586,6,normal
admin,2723,M1,4586,6,normal
admin,2724,M1,4586,6,normal
admin,2725,L4,4586,6,normal
admin,2726,L4,4586,6,normal
admin,2727,E1,4586,6,normal
admin,2728,L4,4586,6,normal
admin,2729,M1,4586,6,normal
admin,2730,M1,4586,6,normal
admin,2731,M1,4586,6,normal
admin,2732,M1,4586,6,normal
admin,2733,M1,4586,6,normal
admin,2734,M1,4586,6,normal
admin,2735,M2,4586,6,normal
admin,2736,ER2,4586,6,normal
admin,2737,ER1,4586,6,normal
admin,2738,M5,4586,6,normal
admin,2739,M1,4586,6,normal
admin,2740,M2,4586,6,normal
admin,2741,M1,4586,6,normal
admin,2742,M2,4586,6,normal
admin,2743,M3,4586,6,normal
admin,2744,M3,4586,6,normal
admin,2745,M3,4586,6,normal
admin,2746,M3,4586,6,normal
admin,2747,M1,4586,6,normal
admin,2748,M1,4586,6,normal
admin,2749,M2,4586,6,normal
admin,2750,M2,4586,6,normal
admin,2751,M3,4586,6,normal
admin,2752,M3,4586,6,normal
admin,2753,MO2,4586,6,normal
admin,2754,M5,4586,6,normal
admin,2755,M5,4586,6,normal
admin,2756,E1,4586,6,normal
admin,2757,ER3,4586,6,normal
admin,2758,ER4,4586,6,normal
admin,2759,M1,4586,6,normal
admin,2760,E1,4586,6,normal
admin,2761,M5,4586,6,normal
admin,2762,M2,4586,6,normal
admin,2763,M1,4586,6,normal
admin,2764,U2,4586,6,normal
admin,2765,U2,4586,6,normal
admin,2766,L2,4586,6,normal
admin,2767,L2,4586,6,normal
admin,2768,ER2,4586,6,normal
admin,2769,E1,4586,6,normal
admin,2770,M2,4586,6,normal
admin,2771,M2,4586,6,normal
admin,2772,M2,4586,6,normal
admin,2773,M1,4586,6,normal
admin,2774,M1,4586,6,normal
admin,2775,M3,4586,6,normal
admin,2776,M2,4586,6,normal
admin,2777,M2,4586,6,normal
admin,2778,M1,4586,6,normal
admin,2779,M2,4586,6,normal
admin,2780,M2,4586,6,normal
admin,2781,M3,4586,6,normal
admin,2782,M6,4586,6,normal
admin,2783,U1,4586,6,normal
admin,2784,U1,4586,6,normal
admin,2785,U1,4586,6,normal
admin,2786,U1,4586,6,normal
admin,2787,U1,4586,6,normal
admin,2788,U1,4586,6,normal
admin,2789,U1,4586,6,normal
admin,2790,U1,4586,6,normal
admin,2791,U1,4586,6,normal
admin,2792,U1,4586,6,normal
admin,2793,U1,4586,6,normal
admin,2794,U1,4586,6,normal
admin,2795,U1,4586,6,normal
admin,2796,U1,4586,6,normal
admin,2797,M4,4586,6,normal
admin,2798,ER2,4586,6,normal
admin,2799,M2,4587,6,normal
admin,2800,M2,4587,6,normal
admin,2801,M2,4587,6,normal
admin,2802,M1,4587,6,normal
admin,2803,M1,4587,6,normal
admin,2804,M2,4587,6,normal
admin,2805,ER2,4587,6,normal
admin,2806,M6,4587,6,normal
admin,2807,U2,4587,6,normal
admin,2808,M2,4587,6,normal
admin,2809,M3,4587,6,normal
admin,2810,M6,4587,6,normal
admin,2811,U2,4587,6,normal
admin,2812,U2,4587,6,normal
admin,2813,U1,4587,6,normal
admin,2814,U2,4587,6,normal
admin,2815,M1,4587,6,normal
admin,2816,M1,4587,6,normal
admin,2817,M3,4587,6,normal
admin,2818,M3,4587,6,normal
admin,2819,M3,4587,6,normal
admin,2820,M3,4587,6,normal
admin,2821,U1,4587,6,normal
admin,2822,U1,4587,6,normal
admin,2823,U2,4587,6,normal
admin,2824,U1,4588,6,normal
admin,2825,U1,4588,6,normal
admin,2826,U1,4588,6,normal
admin,2827,U1,4588,6,normal
admin,2828,U1,4588,6,normal
admin,2829,U1,4588,6,normal
admin,2830,U1,4588,6,normal
admin,2831,U1,4588,6,normal
admin,2832,U1,4588,6,normal
admin,2833,U1,4588,6,normal
admin,2834,M1,4588,6,normal
admin,2835,M1,4588,6,normal
admin,2836,M1,4588,6,normal
admin,2837,M1,4588,6,normal
admin,2838,M1,4588,6,normal
admin,2839,E1,4588,6,normal
admin,2840,M6,4588,6,normal
admin,2841,M5,4588,6,normal
admin,2842,L4,4588,6,normal
admin,2843,ER2,4588,6,normal
admin,2844,ER2,4588,6,normal
admin,2845,ER2,4588,6,normal
admin,2846,U3,4588,6,normal
admin,2847,ER1,4506,6,normal
admin,2848,ER1,4506,6,normal
admin,2849,M6,4506,6,normal
admin,2850,M2,4506,6,normal
admin,2851,ER6,4506,6,normal
admin,2852,ER6,4506,6,normal
admin,2853,ER6,4506,6,normal
admin,2855,ER6,4506,6,normal
admin,2856,ER6,4506,6,normal
admin,2857,ER6,4506,6,normal
admin,2858,ER6,4506,6,normal
admin,2859,M2,4506,6,normal
admin,2860,M3,4591,6,normal
admin,2861,M3,4591,6,normal
admin,2862,M3,4591,6,normal
admin,2863,M1,4591,6,normal
admin,2864,M1,4591,6,normal
admin,2865,M6,4591,6,normal
admin,2866,M1,4591,6,normal
admin,2867,M2,4591,6,normal
admin,2868,U3,4591,6,normal
admin,2869,M1,4591,6,normal
admin,2870,U2,4591,6,normal
admin,2871,E2,4591,6,normal
admin,2872,E1,4591,6,normal
admin,2873,ER3,4591,6,normal
admin,2874,M3,4591,6,normal
admin,2875,L2,4591,6,normal
admin,2876,E1,4591,6,normal
admin,2877,M1,4591,6,normal
admin,2878,M3,4591,6,normal
admin,2879,M6,4591,6,normal
admin,2880,M2,4591,6,normal
admin,2881,M2,4591,6,normal
admin,2882,M5,4591,6,normal
admin,2884,ER3,4591,6,normal
admin,2885,M3,4591,6,normal
admin,2886,M3,4591,6,normal
admin,2887,M1,4591,6,normal
admin,2888,U3,4591,6,normal
admin,2889,U1,4590,6,normal
admin,2890,U1,4590,6,normal
admin,2891,U1,4590,6,normal
admin,2892,U1,4590,6,normal
admin,2893,M1,4590,6,normal
admin,2894,M1,4590,6,normal
admin,2895,ER1,4590,6,normal
admin,2896,E1,4590,6,normal
admin,2897,M2,4590,6,normal
admin,2898,M1,4590,6,normal
admin,2899,E1,4590,6,normal
admin,2900,M1,4590,6,normal
admin,2901,ER3,4590,6,normal
admin,2902,ER1,4590,6,normal
admin,2903,M2,4590,6,normal
admin,2904,M3,4590,6,normal
admin,2905,ER3,4590,6,normal
admin,2906,ER1,4590,6,normal
admin,2907,M2,4590,6,normal
admin,2908,M1,4590,6,normal
admin,2909,E2,4590,6,normal
admin,2910,M1,4590,6,normal
admin,2911,M1,4590,6,normal
admin,2912,M1,4590,6,normal
admin,2913,E1,4590,6,normal
admin,2914,M1,4590,6,normal
admin,2915,MO2,4590,6,normal
admin,2916,M6,4590,6,normal
admin,2917,M6,4590,6,normal
admin,2918,M5,4590,6,normal
admin,2919,M6,4590,6,normal
admin,2920,U2,4590,6,normal
admin,2921,M1,4590,6,normal
admin,2922,M1,4590,6,normal
admin,2923,M1,4590,6,normal
admin,2924,M3,4590,6,normal
admin,2925,M3,4590,6,normal
admin,2927,M5,4590,6,normal
admin,2929,M6,4590,6,normal
admin,2930,M5,4589,6,normal
admin,2931,E1,4589,6,normal
admin,2932,M1,4589,6,normal
admin,2933,E1,4589,6,normal
admin,2934,UL,4589,6,normal
admin,2935,M3,4589,6,normal
admin,2936,UL,4589,6,normal
admin,2937,M2,4589,6,normal
admin,2938,M5,4589,6,normal
admin,2939,M1,4589,6,normal
admin,2940,M6,4589,6,normal
admin,2941,M3,4589,6,normal
admin,2942,ER5,4588,6,normal
admin,2943,ER5,4588,6,normal
admin,2944,M1,4588,6,normal
admin,2945,ER6,4569,5,normal
admin,2946,ER5,4619,7,normal
admin,2947,ER6,4619,7,normal
admin,2948,ER6,4619,7,normal
admin,2949,ER6,4619,7,normal
admin,2950,ER5,4619,7,normal
admin,2951,L2,4619,7,normal
admin,2952,U3,4619,7,normal
admin,2953,ER3,4619,7,normal
admin,2954,ER1,4619,7,normal
admin,2955,M2,4619,7,normal
admin,2956,ER4,4619,7,normal
admin,2957,U2,4619,7,normal
admin,2958,M3,4619,7,normal
admin,2959,ER4,4619,7,normal
admin,2960,M5,4619,7,normal
admin,2961,MO2,4619,7,normal
admin,2962,M4,4618,7,normal
admin,2963,M5,4618,7,normal
admin,2964,M4,4618,7,normal
admin,2965,ER4,4618,7,normal
admin,2966,U3,4618,7,normal
admin,2967,ER4,4618,7,normal
admin,2968,ER4,4618,7,normal
admin,2969,ER3,4618,7,normal
admin,2970,L2,4618,7,normal
admin,2971,ER1,4618,7,normal
admin,2972,ER3,4618,7,normal
admin,2973,M3,4618,7,normal
admin,2974,M3,4618,7,normal
admin,2975,M3,4617,7,normal
admin,2976,U3,4617,7,normal
admin,2977,U3,4617,7,normal
admin,2978,U3,4617,7,normal
admin,2979,ER1,4617,7,normal
admin,2980,M2,4617,7,normal
admin,2981,M3,4617,7,normal
admin,2982,M5,4617,7,normal
admin,2983,ER5,4617,7,normal
admin,2984,ER5,4617,7,normal
admin,2985,ER6,4617,7,normal
admin,2986,ER6,4617,7,normal
admin,2987,ER6,4617,7,normal
admin,2988,ER6,4617,7,normal
admin,2989,ER4,4617,7,normal
admin,2990,M1,4616,7,normal
admin,2991,M4,4616,7,normal
admin,2992,M6,4616,7,normal
admin,2993,M6,4616,7,normal
admin,2994,M6,4616,7,normal
admin,2995,M5,4616,7,normal
admin,2996,M6,4616,7,normal
admin,2997,ER4,4616,7,normal
admin,2998,ER4,4616,7,normal
admin,2999,ER5,4616,7,normal
admin,3000,ER5,4616,7,normal
admin,3001,ER6,4616,7,normal
admin,3002,ER6,4616,7,normal
admin,3003,ER6,4616,7,normal
admin,3004,ER5,4616,7,normal
admin,3005,M5,4616,7,normal
admin,3006,ER6,4616,7,normal
admin,3007,ER6,4616,7,normal
admin,3008,ER6,4616,7,normal
admin,3009,M6,4616,7,normal
admin,3010,M5,4616,7,normal
admin,3011,M6,4616,7,normal
admin,3012,M5,4616,7,normal
admin,3013,E1,4615,7,normal
admin,3014,M2,4615,7,normal
admin,3015,M2,4615,7,normal
admin,3016,L4,4615,7,normal
admin,3017,M5,4615,7,normal
admin,3018,L2,4615,7,normal
admin,3019,L2,4615,7,normal
admin,3020,M6,4615,7,normal
admin,3021,M5,4615,7,normal
admin,3022,M6,4615,7,normal
admin,3023,M4,4615,7,normal
admin,3024,M4,4615,7,normal
admin,3025,M3,4615,7,normal
admin,3026,ER4,4614,7,normal
admin,3027,U3,4614,7,normal
admin,3028,U3,4614,7,normal
admin,3029,U3,4614,7,normal
admin,3030,U3,4614,7,normal
admin,3031,U3,4614,7,normal
admin,3032,UL,4613,7,normal
admin,3033,ER3,4613,7,normal
admin,3034,M6,4613,7,normal
admin,3035,ER4,4613,7,normal
admin,3036,ER3,4613,7,normal
admin,3037,ER5,4613,7,normal
admin,3038,ER5,4613,7,normal
admin,3039,U3,4613,7,normal
admin,3040,L2,4613,7,normal
admin,3041,L2,4613,7,normal
admin,3042,ER1,4613,7,normal
admin,3043,ER1,4613,7,normal
admin,3044,MO2,4613,7,normal
admin,3045,E1,4613,7,normal
admin,3046,ER4,4613,7,normal
admin,3047,ER4,4613,7,normal
admin,3048,M5,4613,7,normal
admin,3049,M5,4613,7,normal
admin,3050,M5,4613,7,normal
admin,3051,M5,4613,7,normal
admin,3052,M5,4613,7,normal
admin,3053,M5,4613,7,normal
admin,3054,M5,4613,7,normal
admin,3055,M5,4613,7,normal
admin,3056,M5,4613,7,normal
admin,3057,M5,4613,7,normal
admin,3058,M5,4613,7,normal
admin,3059,M5,4613,7,normal
admin,3060,M5,4613,7,normal
admin,3061,M5,4613,7,normal
admin,3062,M5,4613,7,normal
admin,3063,M5,4613,7,normal
admin,3064,M5,4613,7,normal
admin,3065,M1,4613,7,normal
admin,3066,M6,4613,7,normal
admin,3067,M5,4613,7,normal
admin,3068,M5,4613,7,normal
admin,3069,M2,4613,7,normal
admin,3070,M3,4613,7,normal
admin,3071,M4,4613,7,normal
admin,3072,E2,4613,7,normal
admin,3073,E1,4613,7,normal
admin,3074,M4,4613,7,normal
admin,3075,M5,4613,7,normal
admin,3076,ER4,4613,7,normal
admin,3077,ER4,4613,7,normal
admin,3078,ER4,4613,7,normal
admin,3079,ER4,4613,7,normal
admin,3080,M2,4613,7,normal
admin,3081,E1,4613,7,normal
admin,3082,ER4,4613,7,normal
admin,3083,ER4,4613,7,normal
admin,3084,ER4,4613,7,normal
admin,3085,ER4,4613,7,normal
admin,3086,M5,4613,7,normal
admin,3087,M5,4613,7,normal
admin,3088,M6,4613,7,normal
admin,3089,M5,4613,7,normal
admin,3090,M4,4613,7,normal
admin,3091,ER4,4613,7,normal
admin,3092,M5,4613,7,normal
admin,3093,U3,4613,7,normal
admin,3094,L4,4613,7,normal
admin,3095,ER5,4613,7,normal
admin,3096,ER5,4613,7,normal
admin,3097,ER5,4613,7,normal
admin,3098,ER5,4613,7,normal
admin,3099,ER5,4613,7,normal
admin,3100,ER6,4613,7,normal
admin,3101,ER6,4613,7,normal
admin,3102,ER6,4613,7,normal
admin,3103,ER6,4613,7,normal
admin,3104,ER6,4613,7,normal
admin,3105,ER6,4613,7,normal
admin,3106,ER6,4613,7,normal
admin,3107,M3,4613,7,normal
admin,3108,ER5,4613,7,normal
admin,3109,ER5,4613,7,normal
admin,3110,ER4,4613,7,normal
admin,3111,ER5,4613,7,normal
admin,3112,M3,4613,7,normal
admin,3113,M4,4613,7,normal
admin,3114,ER1,4613,7,normal
admin,3115,M1,4613,7,normal
admin,3116,ER1,4613,7,normal
admin,3117,M1,4613,7,normal
admin,3118,L2,4613,7,normal
admin,3119,ER4,4613,7,normal
admin,3120,M3,4613,7,normal
admin,3121,M5,4613,7,normal
admin,3122,M2,4613,7,normal
admin,3123,UL,4613,7,normal
admin,3124,M2,4613,7,normal
admin,3125,M3,4613,7,normal
admin,3126,M4,4613,7,normal
admin,3127,L2,4613,7,normal
admin,3128,ER3,4613,7,normal
admin,3129,ER3,4613,7,normal
admin,3130,M5,4613,7,normal
admin,3131,ER4,4613,7,normal
admin,3132,M1,4613,7,normal
admin,3133,M3,4613,7,normal
admin,3134,ER4,4613,7,normal
admin,3135,M2,4613,7,normal
admin,3136,M3,4613,7,normal
admin,3137,UL,4613,7,normal
admin,3138,E1,4613,7,normal
admin,3139,M3,4613,7,normal
admin,3140,M3,4613,7,normal
admin,3141,ER4,4613,7,normal
admin,3142,ER4,4613,7,normal
admin,3143,ER3,4613,7,normal
admin,3144,M3,4613,7,normal
admin,3145,M4,4613,7,normal
admin,3146,M4,4613,7,normal
admin,3147,M4,4613,7,normal
admin,3148,ER4,4613,7,normal
admin,3149,ER5,4613,7,normal
admin,3150,ER5,4613,7,normal
admin,3151,ER5,4613,7,normal
admin,3152,ER5,4613,7,normal
admin,3153,ER5,4613,7,normal
admin,3154,ER6,4613,7,normal
admin,3155,ER6,4613,7,normal
admin,3156,ER6,4613,7,normal
admin,3157,ER3,4613,7,normal
admin,3158,M5,4613,7,normal
admin,3159,ER4,4613,7,normal
admin,3160,ER4,4613,7,normal
admin,3161,M1,4613,7,normal
admin,3162,L2,4613,7,normal
admin,3163,L2,4613,7,normal
admin,3164,L2,4613,7,normal
admin,3165,L2,4613,7,normal
admin,3166,L2,4613,7,normal
admin,3167,L2,4613,7,normal
admin,3168,L2,4613,7,normal
admin,3169,U1,4613,7,normal
admin,3170,U1,4613,7,normal
admin,3171,UL,4613,7,normal
admin,3172,U1,4613,7,normal
admin,3173,UL,4613,7,normal
admin,3174,U1,4613,7,normal
admin,3175,U1,4613,7,normal
admin,3176,U1,4613,7,normal
admin,3177,U1,4612,7,normal
admin,3178,U1,4612,7,normal
admin,3179,U1,4612,7,normal
admin,3180,U1,4612,7,normal
admin,3181,U1,4612,7,normal
admin,3182,U3,4612,7,normal
admin,3183,U3,4612,7,normal
admin,3184,U3,4612,7,normal
admin,3185,U3,4612,7,normal
admin,3186,E2,4612,7,normal
admin,3187,E1,4612,7,normal
admin,3188,M5,4612,7,normal
admin,3189,M3,4612,7,normal
admin,3190,M4,4611,7,normal
admin,3191,M4,4611,7,normal
admin,3192,M4,4611,7,normal
admin,3193,M4,4611,7,normal
admin,3194,M5,4611,7,normal
admin,3195,M4,4611,7,normal
admin,3196,M4,4611,7,normal
admin,3197,ER5,4611,7,normal
admin,3198,ER5,4611,7,normal
admin,3199,ER5,4611,7,normal
admin,3201,L4,4611,7,normal
admin,3202,U3,4611,7,normal
admin,3203,U3,4611,7,normal
admin,3204,U3,4611,7,normal
admin,3205,ER4,4611,7,normal
admin,3206,ER4,4611,7,normal
admin,3207,M3,4611,7,normal
admin,3208,ER4,4611,7,normal
admin,3209,ER4,4611,7,normal
admin,3210,ER4,4611,7,normal
admin,3211,M4,4611,7,normal
admin,3212,M3,4611,7,normal
admin,3213,M5,4611,7,normal
admin,3214,M5,4611,7,normal
admin,3215,M4,4611,7,normal
admin,3216,ER4,4611,7,normal
admin,3217,ER3,4611,7,normal
admin,3218,M2,4611,7,normal
admin,3219,M3,4611,7,normal
admin,3220,M5,4611,7,normal
admin,3221,M5,4611,7,normal
admin,3222,ER3,4611,7,normal
admin,3223,ER4,4611,7,normal
admin,3224,M3,4611,7,normal
admin,3225,M4,4611,7,normal
admin,3226,ER5,4611,7,normal
admin,3227,ER5,4611,7,normal
admin,3228,E1,4610,7,normal
admin,3229,E1,4610,7,normal
admin,3230,M1,4610,7,normal
admin,3231,UL,4610,7,normal
admin,3232,E1,4610,7,normal
admin,3233,M4,4610,7,normal
admin,3234,M4,4610,7,normal
admin,3235,MO2,4610,7,normal
admin,3236,M3,4610,7,normal
admin,3237,M2,4610,7,normal
admin,3238,M1,4610,7,normal
admin,3239,M3,4610,7,normal
admin,3240,M4,4610,7,normal
admin,3241,ER4,4610,7,normal
